https://jp1.api.riotgames.com:443 "GET /lol/summoner/v4/summoners/by-name/LUL HTTP/1.1" 200 None
https://asia.api.riotgames.com:443 "GET /lol/match/v5/matches/by-puuid/pBHVpmq0DLgVJiD_OnQrc1Odq8RIqV5rxlUM387uulnCFn4Dlf9P6oJON_6t0vJZ5xBPVpGiN9GS8g/ids HTTP/1.1" 200 None
https://asia.api.riotgames.com:443 "GET /lol/match/v5/matches/JP1_424267729 HTTP/1.1" 200 None
https://asia.api.riotgames.com:443 "GET /lol/match/v5/matches/JP1_424265485 HTTP/1.1" 200 None
Internal Server Error: /
Traceback (most recent call last):
  File "c:\Users\shpfs\Desktop\LoLEncourage関連\LoLEncourage\myvenv\Lib\site-packages\django\template\base.py", line 502, in parse
    compile_func = self.tags[command]
                   ~~~~~~~~~^^^^^^^^^
KeyError: 'static'

During handling of the above exception, another exception occurred:

Traceback (most recent call last):
  File "c:\Users\shpfs\Desktop\LoLEncourage関連\LoLEncourage\myvenv\Lib\site-packages\django\core\handlers\exception.py", line 55, in inner
    response = get_response(request)
               ^^^^^^^^^^^^^^^^^^^^^
  File "c:\Users\shpfs\Desktop\LoLEncourage関連\LoLEncourage\myvenv\Lib\site-packages\django\core\handlers\base.py", line 197, in _get_response
    response = wrapped_callback(request, *callback_args, **callback_kwargs)
               ^^^^^^^^^^^^^^^^^^^^^^^^^^^^^^^^^^^^^^^^^^^^^^^^^^^^^^^^^^^^
  File "c:\Users\shpfs\Desktop\LoLEncourage関連\LoLEncourage\myvenv\Lib\site-packages\django\utils\decorators.py", line 188, in _view_wrapper
    result = _process_exception(request, e)
             ^^^^^^^^^^^^^^^^^^^^^^^^^^^^^^
  File "c:\Users\shpfs\Desktop\LoLEncourage関連\LoLEncourage\myvenv\Lib\site-packages\django\utils\decorators.py", line 186, in _view_wrapper
    response = view_func(request, *args, **kwargs)
               ^^^^^^^^^^^^^^^^^^^^^^^^^^^^^^^^^^^
  File "C:\Users\shpfs\Desktop\LoLEncourage関連\LoLEncourage\LoLEncourage\views.py", line 24, in view_home
    return render(request, 'result copy.html' , {'data': result_dict}, {'image_path': image_path})
           ^^^^^^^^^^^^^^^^^^^^^^^^^^^^^^^^^^^^^^^^^^^^^^^^^^^^^^^^^^^^^^^^^^^^^^^^^^^^^^^^^^^^^^^
  File "c:\Users\shpfs\Desktop\LoLEncourage関連\LoLEncourage\myvenv\Lib\site-packages\django\shortcuts.py", line 24, in render
    content = loader.render_to_string(template_name, context, request, using=using)
              ^^^^^^^^^^^^^^^^^^^^^^^^^^^^^^^^^^^^^^^^^^^^^^^^^^^^^^^^^^^^^^^^^^^^^
  File "c:\Users\shpfs\Desktop\LoLEncourage関連\LoLEncourage\myvenv\Lib\site-packages\django\template\loader.py", line 61, in render_to_string
    template = get_template(template_name, using=using)
               ^^^^^^^^^^^^^^^^^^^^^^^^^^^^^^^^^^^^^^^^
  File "c:\Users\shpfs\Desktop\LoLEncourage関連\LoLEncourage\myvenv\Lib\site-packages\django\template\loader.py", line 15, in get_template
    return engine.get_template(template_name)
           ^^^^^^^^^^^^^^^^^^^^^^^^^^^^^^^^^^
  File "c:\Users\shpfs\Desktop\LoLEncourage関連\LoLEncourage\myvenv\Lib\site-packages\django\template\backends\django.py", line 33, in get_template
    return Template(self.engine.get_template(template_name), self)
                    ^^^^^^^^^^^^^^^^^^^^^^^^^^^^^^^^^^^^^^^
  File "c:\Users\shpfs\Desktop\LoLEncourage関連\LoLEncourage\myvenv\Lib\site-packages\django\template\engine.py", line 175, in get_template
    template, origin = self.find_template(template_name)
                       ^^^^^^^^^^^^^^^^^^^^^^^^^^^^^^^^^
  File "c:\Users\shpfs\Desktop\LoLEncourage関連\LoLEncourage\myvenv\Lib\site-packages\django\template\engine.py", line 157, in find_template
    template = loader.get_template(name, skip=skip)
               ^^^^^^^^^^^^^^^^^^^^^^^^^^^^^^^^^^^^
  File "c:\Users\shpfs\Desktop\LoLEncourage関連\LoLEncourage\myvenv\Lib\site-packages\django\template\loaders\cached.py", line 57, in get_template
    template = super().get_template(template_name, skip)
               ^^^^^^^^^^^^^^^^^^^^^^^^^^^^^^^^^^^^^^^^^
  File "c:\Users\shpfs\Desktop\LoLEncourage関連\LoLEncourage\myvenv\Lib\site-packages\django\template\loaders\base.py", line 28, in get_template
    return Template(
           ^^^^^^^^^
  File "c:\Users\shpfs\Desktop\LoLEncourage関連\LoLEncourage\myvenv\Lib\site-packages\django\template\base.py", line 154, in __init__
    self.nodelist = self.compile_nodelist()
                    ^^^^^^^^^^^^^^^^^^^^^^^
  File "c:\Users\shpfs\Desktop\LoLEncourage関連\LoLEncourage\myvenv\Lib\site-packages\django\template\base.py", line 196, in compile_nodelist
    return parser.parse()
           ^^^^^^^^^^^^^^
  File "c:\Users\shpfs\Desktop\LoLEncourage関連\LoLEncourage\myvenv\Lib\site-packages\django\template\base.py", line 504, in parse
    self.invalid_block_tag(token, command, parse_until)
  File "c:\Users\shpfs\Desktop\LoLEncourage関連\LoLEncourage\myvenv\Lib\site-packages\django\template\base.py", line 565, in invalid_block_tag
    raise self.error(
django.template.exceptions.TemplateSyntaxError: Invalid block tag on line 6: 'static'. Did you forget to register or load this tag?
Watching for file changes with StatReloader
Starting new HTTPS connection (1): jp1.api.riotgames.com:443
https://jp1.api.riotgames.com:443 "GET /lol/summoner/v4/summoners/by-name/LUL HTTP/1.1" 200 None
rate limit changed from 0/0s to 20/1s
rate limit changed from 0/0s to 100/120s
rate limit changed from 0/0s to 800/60s
Starting new HTTPS connection (1): asia.api.riotgames.com:443
https://asia.api.riotgames.com:443 "GET /lol/match/v5/matches/by-puuid/pBHVpmq0DLgVJiD_OnQrc1Odq8RIqV5rxlUM387uulnCFn4Dlf9P6oJON_6t0vJZ5xBPVpGiN9GS8g/ids HTTP/1.1" 200 None
rate limit changed from 0/0s to 20/1s
rate limit changed from 0/0s to 100/120s
rate limit changed from 0/0s to 2000/10s
https://asia.api.riotgames.com:443 "GET /lol/match/v5/matches/JP1_424267729 HTTP/1.1" 200 None
rate limit changed from 0/0s to 2000/10s
https://asia.api.riotgames.com:443 "GET /lol/match/v5/matches/JP1_424265485 HTTP/1.1" 200 None
C:\Users\shpfs\Desktop\LoLEncourage関連\LoLEncourage\LoLEncourage\views.py changed, reloading.
Watching for file changes with StatReloader
Starting new HTTPS connection (1): jp1.api.riotgames.com:443
https://jp1.api.riotgames.com:443 "GET /lol/summoner/v4/summoners/by-name/LUL HTTP/1.1" 200 None
rate limit changed from 0/0s to 20/1s
rate limit changed from 0/0s to 100/120s
rate limit changed from 0/0s to 800/60s
Starting new HTTPS connection (1): asia.api.riotgames.com:443
https://asia.api.riotgames.com:443 "GET /lol/match/v5/matches/by-puuid/pBHVpmq0DLgVJiD_OnQrc1Odq8RIqV5rxlUM387uulnCFn4Dlf9P6oJON_6t0vJZ5xBPVpGiN9GS8g/ids HTTP/1.1" 200 None
rate limit changed from 0/0s to 20/1s
rate limit changed from 0/0s to 100/120s
rate limit changed from 0/0s to 2000/10s
https://asia.api.riotgames.com:443 "GET /lol/match/v5/matches/JP1_424267729 HTTP/1.1" 200 None
rate limit changed from 0/0s to 2000/10s
https://asia.api.riotgames.com:443 "GET /lol/match/v5/matches/JP1_424265485 HTTP/1.1" 200 None
Watching for file changes with StatReloader
Starting new HTTPS connection (1): jp1.api.riotgames.com:443
https://jp1.api.riotgames.com:443 "GET /lol/summoner/v4/summoners/by-name/LUL HTTP/1.1" 200 None
rate limit changed from 0/0s to 20/1s
rate limit changed from 0/0s to 100/120s
rate limit changed from 0/0s to 800/60s
Starting new HTTPS connection (1): asia.api.riotgames.com:443
https://asia.api.riotgames.com:443 "GET /lol/match/v5/matches/by-puuid/pBHVpmq0DLgVJiD_OnQrc1Odq8RIqV5rxlUM387uulnCFn4Dlf9P6oJON_6t0vJZ5xBPVpGiN9GS8g/ids HTTP/1.1" 200 None
rate limit changed from 0/0s to 20/1s
rate limit changed from 0/0s to 100/120s
rate limit changed from 0/0s to 2000/10s
https://asia.api.riotgames.com:443 "GET /lol/match/v5/matches/JP1_424417426 HTTP/1.1" 200 None
rate limit changed from 0/0s to 2000/10s
Not Found: /favicon.ico
C:\Users\shpfs\Desktop\LoLEncourage関連\LoLEncourage\LoLEncourage\views.py changed, reloading.
Watching for file changes with StatReloader
C:\Users\shpfs\Desktop\LoLEncourage関連\LoLEncourage\LoLEncourage\views.py changed, reloading.
Watching for file changes with StatReloader
C:\Users\shpfs\Desktop\LoLEncourage関連\LoLEncourage\LoLEncourage\LoLEncourage.py changed, reloading.
Watching for file changes with StatReloader
C:\Users\shpfs\Desktop\LoLEncourage関連\LoLEncourage\LoLEncourage\LoLEncourage.py changed, reloading.
Watching for file changes with StatReloader
Starting new HTTPS connection (1): jp1.api.riotgames.com:443
https://jp1.api.riotgames.com:443 "GET /lol/summoner/v4/summoners/by-name/LUL HTTP/1.1" 200 None
rate limit changed from 0/0s to 20/1s
rate limit changed from 0/0s to 100/120s
rate limit changed from 0/0s to 800/60s
Starting new HTTPS connection (1): asia.api.riotgames.com:443
https://asia.api.riotgames.com:443 "GET /lol/match/v5/matches/by-puuid/pBHVpmq0DLgVJiD_OnQrc1Odq8RIqV5rxlUM387uulnCFn4Dlf9P6oJON_6t0vJZ5xBPVpGiN9GS8g/ids HTTP/1.1" 200 None
rate limit changed from 0/0s to 20/1s
rate limit changed from 0/0s to 100/120s
rate limit changed from 0/0s to 2000/10s
https://asia.api.riotgames.com:443 "GET /lol/match/v5/matches/JP1_424417426 HTTP/1.1" 200 None
rate limit changed from 0/0s to 2000/10s
Watching for file changes with StatReloader
Starting new HTTPS connection (1): jp1.api.riotgames.com:443
https://jp1.api.riotgames.com:443 "GET /lol/summoner/v4/summoners/by-name/LUL HTTP/1.1" 200 None
rate limit changed from 0/0s to 20/1s
rate limit changed from 0/0s to 100/120s
rate limit changed from 0/0s to 800/60s
Starting new HTTPS connection (1): asia.api.riotgames.com:443
https://asia.api.riotgames.com:443 "GET /lol/match/v5/matches/by-puuid/pBHVpmq0DLgVJiD_OnQrc1Odq8RIqV5rxlUM387uulnCFn4Dlf9P6oJON_6t0vJZ5xBPVpGiN9GS8g/ids HTTP/1.1" 200 None
rate limit changed from 0/0s to 20/1s
rate limit changed from 0/0s to 100/120s
rate limit changed from 0/0s to 2000/10s
https://asia.api.riotgames.com:443 "GET /lol/match/v5/matches/JP1_424417426 HTTP/1.1" 200 None
rate limit changed from 0/0s to 2000/10s
Watching for file changes with StatReloader
Watching for file changes with StatReloader
Watching for file changes with StatReloader
C:\Users\shpfs\Desktop\LoLEncourage関連\LoLEncourage\LoLEncourage\settings.py changed, reloading.
Watching for file changes with StatReloader
C:\Users\shpfs\Desktop\LoLEncourage関連\LoLEncourage\LoLEncourage\settings.py changed, reloading.
Watching for file changes with StatReloader
Starting new HTTPS connection (1): jp1.api.riotgames.com:443
https://jp1.api.riotgames.com:443 "GET /lol/summoner/v4/summoners/by-name/LUL HTTP/1.1" 200 None
rate limit changed from 0/0s to 20/1s
rate limit changed from 0/0s to 100/120s
rate limit changed from 0/0s to 800/60s
Starting new HTTPS connection (1): asia.api.riotgames.com:443
https://asia.api.riotgames.com:443 "GET /lol/match/v5/matches/by-puuid/pBHVpmq0DLgVJiD_OnQrc1Odq8RIqV5rxlUM387uulnCFn4Dlf9P6oJON_6t0vJZ5xBPVpGiN9GS8g/ids HTTP/1.1" 200 None
rate limit changed from 0/0s to 20/1s
rate limit changed from 0/0s to 100/120s
rate limit changed from 0/0s to 2000/10s
https://asia.api.riotgames.com:443 "GET /lol/match/v5/matches/JP1_424417426 HTTP/1.1" 200 None
rate limit changed from 0/0s to 2000/10s
Internal Server Error: /
Traceback (most recent call last):
  File "c:\Users\shpfs\Desktop\LoLEncourage関連\LoLEncourage\myvenv\Lib\site-packages\django\core\handlers\exception.py", line 55, in inner
    response = get_response(request)
               ^^^^^^^^^^^^^^^^^^^^^
  File "c:\Users\shpfs\Desktop\LoLEncourage関連\LoLEncourage\myvenv\Lib\site-packages\django\core\handlers\base.py", line 197, in _get_response
    response = wrapped_callback(request, *callback_args, **callback_kwargs)
               ^^^^^^^^^^^^^^^^^^^^^^^^^^^^^^^^^^^^^^^^^^^^^^^^^^^^^^^^^^^^
  File "c:\Users\shpfs\Desktop\LoLEncourage関連\LoLEncourage\myvenv\Lib\site-packages\django\utils\decorators.py", line 188, in _view_wrapper
    result = _process_exception(request, e)
             ^^^^^^^^^^^^^^^^^^^^^^^^^^^^^^
  File "c:\Users\shpfs\Desktop\LoLEncourage関連\LoLEncourage\myvenv\Lib\site-packages\django\utils\decorators.py", line 186, in _view_wrapper
    response = view_func(request, *args, **kwargs)
               ^^^^^^^^^^^^^^^^^^^^^^^^^^^^^^^^^^^
  File "C:\Users\shpfs\Desktop\LoLEncourage関連\LoLEncourage\LoLEncourage\views.py", line 24, in view_home
    return render(request, 'result copy.html' , {'data': result_dict})
           ^^^^^^^^^^^^^^^^^^^^^^^^^^^^^^^^^^^^^^^^^^^^^^^^^^^^^^^^^^^
  File "c:\Users\shpfs\Desktop\LoLEncourage関連\LoLEncourage\myvenv\Lib\site-packages\django\shortcuts.py", line 24, in render
    content = loader.render_to_string(template_name, context, request, using=using)
              ^^^^^^^^^^^^^^^^^^^^^^^^^^^^^^^^^^^^^^^^^^^^^^^^^^^^^^^^^^^^^^^^^^^^^
  File "c:\Users\shpfs\Desktop\LoLEncourage関連\LoLEncourage\myvenv\Lib\site-packages\django\template\loader.py", line 61, in render_to_string
    template = get_template(template_name, using=using)
               ^^^^^^^^^^^^^^^^^^^^^^^^^^^^^^^^^^^^^^^^
  File "c:\Users\shpfs\Desktop\LoLEncourage関連\LoLEncourage\myvenv\Lib\site-packages\django\template\loader.py", line 15, in get_template
    return engine.get_template(template_name)
           ^^^^^^^^^^^^^^^^^^^^^^^^^^^^^^^^^^
  File "c:\Users\shpfs\Desktop\LoLEncourage関連\LoLEncourage\myvenv\Lib\site-packages\django\template\backends\django.py", line 33, in get_template
    return Template(self.engine.get_template(template_name), self)
                    ^^^^^^^^^^^^^^^^^^^^^^^^^^^^^^^^^^^^^^^
  File "c:\Users\shpfs\Desktop\LoLEncourage関連\LoLEncourage\myvenv\Lib\site-packages\django\template\engine.py", line 175, in get_template
    template, origin = self.find_template(template_name)
                       ^^^^^^^^^^^^^^^^^^^^^^^^^^^^^^^^^
  File "c:\Users\shpfs\Desktop\LoLEncourage関連\LoLEncourage\myvenv\Lib\site-packages\django\template\engine.py", line 157, in find_template
    template = loader.get_template(name, skip=skip)
               ^^^^^^^^^^^^^^^^^^^^^^^^^^^^^^^^^^^^
  File "c:\Users\shpfs\Desktop\LoLEncourage関連\LoLEncourage\myvenv\Lib\site-packages\django\template\loaders\cached.py", line 57, in get_template
    template = super().get_template(template_name, skip)
               ^^^^^^^^^^^^^^^^^^^^^^^^^^^^^^^^^^^^^^^^^
  File "c:\Users\shpfs\Desktop\LoLEncourage関連\LoLEncourage\myvenv\Lib\site-packages\django\template\loaders\base.py", line 28, in get_template
    return Template(
           ^^^^^^^^^
  File "c:\Users\shpfs\Desktop\LoLEncourage関連\LoLEncourage\myvenv\Lib\site-packages\django\template\base.py", line 154, in __init__
    self.nodelist = self.compile_nodelist()
                    ^^^^^^^^^^^^^^^^^^^^^^^
  File "c:\Users\shpfs\Desktop\LoLEncourage関連\LoLEncourage\myvenv\Lib\site-packages\django\template\base.py", line 196, in compile_nodelist
    return parser.parse()
           ^^^^^^^^^^^^^^
  File "c:\Users\shpfs\Desktop\LoLEncourage関連\LoLEncourage\myvenv\Lib\site-packages\django\template\base.py", line 481, in parse
    raise self.error(token, e)
  File "c:\Users\shpfs\Desktop\LoLEncourage関連\LoLEncourage\myvenv\Lib\site-packages\django\template\base.py", line 479, in parse
    filter_expression = self.compile_filter(token.contents)
                        ^^^^^^^^^^^^^^^^^^^^^^^^^^^^^^^^^^^
  File "c:\Users\shpfs\Desktop\LoLEncourage関連\LoLEncourage\myvenv\Lib\site-packages\django\template\base.py", line 597, in compile_filter
    return FilterExpression(token, self)
           ^^^^^^^^^^^^^^^^^^^^^^^^^^^^^
  File "c:\Users\shpfs\Desktop\LoLEncourage関連\LoLEncourage\myvenv\Lib\site-packages\django\template\base.py", line 698, in __init__
    raise TemplateSyntaxError(
django.template.exceptions.TemplateSyntaxError: Could not parse the remainder: ' data.image_path' from 'static data.image_path'
Watching for file changes with StatReloader
Starting new HTTPS connection (1): jp1.api.riotgames.com:443
https://jp1.api.riotgames.com:443 "GET /lol/summoner/v4/summoners/by-name/LUL HTTP/1.1" 200 None
rate limit changed from 0/0s to 20/1s
rate limit changed from 0/0s to 100/120s
rate limit changed from 0/0s to 800/60s
Starting new HTTPS connection (1): asia.api.riotgames.com:443
https://asia.api.riotgames.com:443 "GET /lol/match/v5/matches/by-puuid/pBHVpmq0DLgVJiD_OnQrc1Odq8RIqV5rxlUM387uulnCFn4Dlf9P6oJON_6t0vJZ5xBPVpGiN9GS8g/ids HTTP/1.1" 200 None
rate limit changed from 0/0s to 20/1s
rate limit changed from 0/0s to 100/120s
rate limit changed from 0/0s to 2000/10s
https://asia.api.riotgames.com:443 "GET /lol/match/v5/matches/JP1_424417426 HTTP/1.1" 200 None
rate limit changed from 0/0s to 2000/10s
Internal Server Error: /
Traceback (most recent call last):
  File "c:\Users\shpfs\Desktop\LoLEncourage関連\LoLEncourage\myvenv\Lib\site-packages\django\core\handlers\exception.py", line 55, in inner
    response = get_response(request)
               ^^^^^^^^^^^^^^^^^^^^^
  File "c:\Users\shpfs\Desktop\LoLEncourage関連\LoLEncourage\myvenv\Lib\site-packages\django\core\handlers\base.py", line 197, in _get_response
    response = wrapped_callback(request, *callback_args, **callback_kwargs)
               ^^^^^^^^^^^^^^^^^^^^^^^^^^^^^^^^^^^^^^^^^^^^^^^^^^^^^^^^^^^^
  File "c:\Users\shpfs\Desktop\LoLEncourage関連\LoLEncourage\myvenv\Lib\site-packages\django\utils\decorators.py", line 188, in _view_wrapper
    result = _process_exception(request, e)
             ^^^^^^^^^^^^^^^^^^^^^^^^^^^^^^
  File "c:\Users\shpfs\Desktop\LoLEncourage関連\LoLEncourage\myvenv\Lib\site-packages\django\utils\decorators.py", line 186, in _view_wrapper
    response = view_func(request, *args, **kwargs)
               ^^^^^^^^^^^^^^^^^^^^^^^^^^^^^^^^^^^
  File "C:\Users\shpfs\Desktop\LoLEncourage関連\LoLEncourage\LoLEncourage\views.py", line 24, in view_home
    return render(request, 'result copy.html' , {'data': result_dict})
           ^^^^^^^^^^^^^^^^^^^^^^^^^^^^^^^^^^^^^^^^^^^^^^^^^^^^^^^^^^^
  File "c:\Users\shpfs\Desktop\LoLEncourage関連\LoLEncourage\myvenv\Lib\site-packages\django\shortcuts.py", line 24, in render
    content = loader.render_to_string(template_name, context, request, using=using)
              ^^^^^^^^^^^^^^^^^^^^^^^^^^^^^^^^^^^^^^^^^^^^^^^^^^^^^^^^^^^^^^^^^^^^^
  File "c:\Users\shpfs\Desktop\LoLEncourage関連\LoLEncourage\myvenv\Lib\site-packages\django\template\loader.py", line 61, in render_to_string
    template = get_template(template_name, using=using)
               ^^^^^^^^^^^^^^^^^^^^^^^^^^^^^^^^^^^^^^^^
  File "c:\Users\shpfs\Desktop\LoLEncourage関連\LoLEncourage\myvenv\Lib\site-packages\django\template\loader.py", line 15, in get_template
    return engine.get_template(template_name)
           ^^^^^^^^^^^^^^^^^^^^^^^^^^^^^^^^^^
  File "c:\Users\shpfs\Desktop\LoLEncourage関連\LoLEncourage\myvenv\Lib\site-packages\django\template\backends\django.py", line 33, in get_template
    return Template(self.engine.get_template(template_name), self)
                    ^^^^^^^^^^^^^^^^^^^^^^^^^^^^^^^^^^^^^^^
  File "c:\Users\shpfs\Desktop\LoLEncourage関連\LoLEncourage\myvenv\Lib\site-packages\django\template\engine.py", line 175, in get_template
    template, origin = self.find_template(template_name)
                       ^^^^^^^^^^^^^^^^^^^^^^^^^^^^^^^^^
  File "c:\Users\shpfs\Desktop\LoLEncourage関連\LoLEncourage\myvenv\Lib\site-packages\django\template\engine.py", line 157, in find_template
    template = loader.get_template(name, skip=skip)
               ^^^^^^^^^^^^^^^^^^^^^^^^^^^^^^^^^^^^
  File "c:\Users\shpfs\Desktop\LoLEncourage関連\LoLEncourage\myvenv\Lib\site-packages\django\template\loaders\cached.py", line 57, in get_template
    template = super().get_template(template_name, skip)
               ^^^^^^^^^^^^^^^^^^^^^^^^^^^^^^^^^^^^^^^^^
  File "c:\Users\shpfs\Desktop\LoLEncourage関連\LoLEncourage\myvenv\Lib\site-packages\django\template\loaders\base.py", line 28, in get_template
    return Template(
           ^^^^^^^^^
  File "c:\Users\shpfs\Desktop\LoLEncourage関連\LoLEncourage\myvenv\Lib\site-packages\django\template\base.py", line 154, in __init__
    self.nodelist = self.compile_nodelist()
                    ^^^^^^^^^^^^^^^^^^^^^^^
  File "c:\Users\shpfs\Desktop\LoLEncourage関連\LoLEncourage\myvenv\Lib\site-packages\django\template\base.py", line 196, in compile_nodelist
    return parser.parse()
           ^^^^^^^^^^^^^^
  File "c:\Users\shpfs\Desktop\LoLEncourage関連\LoLEncourage\myvenv\Lib\site-packages\django\template\base.py", line 481, in parse
    raise self.error(token, e)
  File "c:\Users\shpfs\Desktop\LoLEncourage関連\LoLEncourage\myvenv\Lib\site-packages\django\template\base.py", line 479, in parse
    filter_expression = self.compile_filter(token.contents)
                        ^^^^^^^^^^^^^^^^^^^^^^^^^^^^^^^^^^^
  File "c:\Users\shpfs\Desktop\LoLEncourage関連\LoLEncourage\myvenv\Lib\site-packages\django\template\base.py", line 597, in compile_filter
    return FilterExpression(token, self)
           ^^^^^^^^^^^^^^^^^^^^^^^^^^^^^
  File "c:\Users\shpfs\Desktop\LoLEncourage関連\LoLEncourage\myvenv\Lib\site-packages\django\template\base.py", line 698, in __init__
    raise TemplateSyntaxError(
django.template.exceptions.TemplateSyntaxError: Could not parse the remainder: ' data.image_path' from 'static data.image_path'
https://jp1.api.riotgames.com:443 "GET /lol/summoner/v4/summoners/by-name/LUL HTTP/1.1" 200 None
https://asia.api.riotgames.com:443 "GET /lol/match/v5/matches/by-puuid/pBHVpmq0DLgVJiD_OnQrc1Odq8RIqV5rxlUM387uulnCFn4Dlf9P6oJON_6t0vJZ5xBPVpGiN9GS8g/ids HTTP/1.1" 200 None
https://asia.api.riotgames.com:443 "GET /lol/match/v5/matches/JP1_424417426 HTTP/1.1" 200 None
Internal Server Error: /
Traceback (most recent call last):
  File "c:\Users\shpfs\Desktop\LoLEncourage関連\LoLEncourage\myvenv\Lib\site-packages\django\core\handlers\exception.py", line 55, in inner
    response = get_response(request)
               ^^^^^^^^^^^^^^^^^^^^^
  File "c:\Users\shpfs\Desktop\LoLEncourage関連\LoLEncourage\myvenv\Lib\site-packages\django\core\handlers\base.py", line 197, in _get_response
    response = wrapped_callback(request, *callback_args, **callback_kwargs)
               ^^^^^^^^^^^^^^^^^^^^^^^^^^^^^^^^^^^^^^^^^^^^^^^^^^^^^^^^^^^^
  File "c:\Users\shpfs\Desktop\LoLEncourage関連\LoLEncourage\myvenv\Lib\site-packages\django\utils\decorators.py", line 188, in _view_wrapper
    result = _process_exception(request, e)
             ^^^^^^^^^^^^^^^^^^^^^^^^^^^^^^
  File "c:\Users\shpfs\Desktop\LoLEncourage関連\LoLEncourage\myvenv\Lib\site-packages\django\utils\decorators.py", line 186, in _view_wrapper
    response = view_func(request, *args, **kwargs)
               ^^^^^^^^^^^^^^^^^^^^^^^^^^^^^^^^^^^
  File "C:\Users\shpfs\Desktop\LoLEncourage関連\LoLEncourage\LoLEncourage\views.py", line 24, in view_home
    return render(request, 'result copy.html' , {'data': result_dict})
           ^^^^^^^^^^^^^^^^^^^^^^^^^^^^^^^^^^^^^^^^^^^^^^^^^^^^^^^^^^^
  File "c:\Users\shpfs\Desktop\LoLEncourage関連\LoLEncourage\myvenv\Lib\site-packages\django\shortcuts.py", line 24, in render
    content = loader.render_to_string(template_name, context, request, using=using)
              ^^^^^^^^^^^^^^^^^^^^^^^^^^^^^^^^^^^^^^^^^^^^^^^^^^^^^^^^^^^^^^^^^^^^^
  File "c:\Users\shpfs\Desktop\LoLEncourage関連\LoLEncourage\myvenv\Lib\site-packages\django\template\loader.py", line 61, in render_to_string
    template = get_template(template_name, using=using)
               ^^^^^^^^^^^^^^^^^^^^^^^^^^^^^^^^^^^^^^^^
  File "c:\Users\shpfs\Desktop\LoLEncourage関連\LoLEncourage\myvenv\Lib\site-packages\django\template\loader.py", line 15, in get_template
    return engine.get_template(template_name)
           ^^^^^^^^^^^^^^^^^^^^^^^^^^^^^^^^^^
  File "c:\Users\shpfs\Desktop\LoLEncourage関連\LoLEncourage\myvenv\Lib\site-packages\django\template\backends\django.py", line 33, in get_template
    return Template(self.engine.get_template(template_name), self)
                    ^^^^^^^^^^^^^^^^^^^^^^^^^^^^^^^^^^^^^^^
  File "c:\Users\shpfs\Desktop\LoLEncourage関連\LoLEncourage\myvenv\Lib\site-packages\django\template\engine.py", line 175, in get_template
    template, origin = self.find_template(template_name)
                       ^^^^^^^^^^^^^^^^^^^^^^^^^^^^^^^^^
  File "c:\Users\shpfs\Desktop\LoLEncourage関連\LoLEncourage\myvenv\Lib\site-packages\django\template\engine.py", line 157, in find_template
    template = loader.get_template(name, skip=skip)
               ^^^^^^^^^^^^^^^^^^^^^^^^^^^^^^^^^^^^
  File "c:\Users\shpfs\Desktop\LoLEncourage関連\LoLEncourage\myvenv\Lib\site-packages\django\template\loaders\cached.py", line 57, in get_template
    template = super().get_template(template_name, skip)
               ^^^^^^^^^^^^^^^^^^^^^^^^^^^^^^^^^^^^^^^^^
  File "c:\Users\shpfs\Desktop\LoLEncourage関連\LoLEncourage\myvenv\Lib\site-packages\django\template\loaders\base.py", line 28, in get_template
    return Template(
           ^^^^^^^^^
  File "c:\Users\shpfs\Desktop\LoLEncourage関連\LoLEncourage\myvenv\Lib\site-packages\django\template\base.py", line 154, in __init__
    self.nodelist = self.compile_nodelist()
                    ^^^^^^^^^^^^^^^^^^^^^^^
  File "c:\Users\shpfs\Desktop\LoLEncourage関連\LoLEncourage\myvenv\Lib\site-packages\django\template\base.py", line 196, in compile_nodelist
    return parser.parse()
           ^^^^^^^^^^^^^^
  File "c:\Users\shpfs\Desktop\LoLEncourage関連\LoLEncourage\myvenv\Lib\site-packages\django\template\base.py", line 481, in parse
    raise self.error(token, e)
  File "c:\Users\shpfs\Desktop\LoLEncourage関連\LoLEncourage\myvenv\Lib\site-packages\django\template\base.py", line 479, in parse
    filter_expression = self.compile_filter(token.contents)
                        ^^^^^^^^^^^^^^^^^^^^^^^^^^^^^^^^^^^
  File "c:\Users\shpfs\Desktop\LoLEncourage関連\LoLEncourage\myvenv\Lib\site-packages\django\template\base.py", line 597, in compile_filter
    return FilterExpression(token, self)
           ^^^^^^^^^^^^^^^^^^^^^^^^^^^^^
  File "c:\Users\shpfs\Desktop\LoLEncourage関連\LoLEncourage\myvenv\Lib\site-packages\django\template\base.py", line 698, in __init__
    raise TemplateSyntaxError(
django.template.exceptions.TemplateSyntaxError: Could not parse the remainder: ' data.image_path' from 'static data.image_path'
Watching for file changes with StatReloader
Starting new HTTPS connection (1): jp1.api.riotgames.com:443
https://jp1.api.riotgames.com:443 "GET /lol/summoner/v4/summoners/by-name/LUL HTTP/1.1" 200 None
rate limit changed from 0/0s to 20/1s
rate limit changed from 0/0s to 100/120s
rate limit changed from 0/0s to 800/60s
Starting new HTTPS connection (1): asia.api.riotgames.com:443
https://asia.api.riotgames.com:443 "GET /lol/match/v5/matches/by-puuid/pBHVpmq0DLgVJiD_OnQrc1Odq8RIqV5rxlUM387uulnCFn4Dlf9P6oJON_6t0vJZ5xBPVpGiN9GS8g/ids HTTP/1.1" 200 None
rate limit changed from 0/0s to 20/1s
rate limit changed from 0/0s to 100/120s
rate limit changed from 0/0s to 2000/10s
https://asia.api.riotgames.com:443 "GET /lol/match/v5/matches/JP1_424417426 HTTP/1.1" 200 None
rate limit changed from 0/0s to 2000/10s
Internal Server Error: /
Traceback (most recent call last):
  File "c:\Users\shpfs\Desktop\LoLEncourage関連\LoLEncourage\myvenv\Lib\site-packages\django\core\handlers\exception.py", line 55, in inner
    response = get_response(request)
               ^^^^^^^^^^^^^^^^^^^^^
  File "c:\Users\shpfs\Desktop\LoLEncourage関連\LoLEncourage\myvenv\Lib\site-packages\django\core\handlers\base.py", line 197, in _get_response
    response = wrapped_callback(request, *callback_args, **callback_kwargs)
               ^^^^^^^^^^^^^^^^^^^^^^^^^^^^^^^^^^^^^^^^^^^^^^^^^^^^^^^^^^^^
  File "c:\Users\shpfs\Desktop\LoLEncourage関連\LoLEncourage\myvenv\Lib\site-packages\django\utils\decorators.py", line 188, in _view_wrapper
    result = _process_exception(request, e)
             ^^^^^^^^^^^^^^^^^^^^^^^^^^^^^^
  File "c:\Users\shpfs\Desktop\LoLEncourage関連\LoLEncourage\myvenv\Lib\site-packages\django\utils\decorators.py", line 186, in _view_wrapper
    response = view_func(request, *args, **kwargs)
               ^^^^^^^^^^^^^^^^^^^^^^^^^^^^^^^^^^^
  File "C:\Users\shpfs\Desktop\LoLEncourage関連\LoLEncourage\LoLEncourage\views.py", line 24, in view_home
    return render(request, 'result copy.html' , {'data': result_dict})
           ^^^^^^^^^^^^^^^^^^^^^^^^^^^^^^^^^^^^^^^^^^^^^^^^^^^^^^^^^^^
  File "c:\Users\shpfs\Desktop\LoLEncourage関連\LoLEncourage\myvenv\Lib\site-packages\django\shortcuts.py", line 24, in render
    content = loader.render_to_string(template_name, context, request, using=using)
              ^^^^^^^^^^^^^^^^^^^^^^^^^^^^^^^^^^^^^^^^^^^^^^^^^^^^^^^^^^^^^^^^^^^^^
  File "c:\Users\shpfs\Desktop\LoLEncourage関連\LoLEncourage\myvenv\Lib\site-packages\django\template\loader.py", line 61, in render_to_string
    template = get_template(template_name, using=using)
               ^^^^^^^^^^^^^^^^^^^^^^^^^^^^^^^^^^^^^^^^
  File "c:\Users\shpfs\Desktop\LoLEncourage関連\LoLEncourage\myvenv\Lib\site-packages\django\template\loader.py", line 15, in get_template
    return engine.get_template(template_name)
           ^^^^^^^^^^^^^^^^^^^^^^^^^^^^^^^^^^
  File "c:\Users\shpfs\Desktop\LoLEncourage関連\LoLEncourage\myvenv\Lib\site-packages\django\template\backends\django.py", line 33, in get_template
    return Template(self.engine.get_template(template_name), self)
                    ^^^^^^^^^^^^^^^^^^^^^^^^^^^^^^^^^^^^^^^
  File "c:\Users\shpfs\Desktop\LoLEncourage関連\LoLEncourage\myvenv\Lib\site-packages\django\template\engine.py", line 175, in get_template
    template, origin = self.find_template(template_name)
                       ^^^^^^^^^^^^^^^^^^^^^^^^^^^^^^^^^
  File "c:\Users\shpfs\Desktop\LoLEncourage関連\LoLEncourage\myvenv\Lib\site-packages\django\template\engine.py", line 157, in find_template
    template = loader.get_template(name, skip=skip)
               ^^^^^^^^^^^^^^^^^^^^^^^^^^^^^^^^^^^^
  File "c:\Users\shpfs\Desktop\LoLEncourage関連\LoLEncourage\myvenv\Lib\site-packages\django\template\loaders\cached.py", line 57, in get_template
    template = super().get_template(template_name, skip)
               ^^^^^^^^^^^^^^^^^^^^^^^^^^^^^^^^^^^^^^^^^
  File "c:\Users\shpfs\Desktop\LoLEncourage関連\LoLEncourage\myvenv\Lib\site-packages\django\template\loaders\base.py", line 28, in get_template
    return Template(
           ^^^^^^^^^
  File "c:\Users\shpfs\Desktop\LoLEncourage関連\LoLEncourage\myvenv\Lib\site-packages\django\template\base.py", line 154, in __init__
    self.nodelist = self.compile_nodelist()
                    ^^^^^^^^^^^^^^^^^^^^^^^
  File "c:\Users\shpfs\Desktop\LoLEncourage関連\LoLEncourage\myvenv\Lib\site-packages\django\template\base.py", line 196, in compile_nodelist
    return parser.parse()
           ^^^^^^^^^^^^^^
  File "c:\Users\shpfs\Desktop\LoLEncourage関連\LoLEncourage\myvenv\Lib\site-packages\django\template\base.py", line 481, in parse
    raise self.error(token, e)
  File "c:\Users\shpfs\Desktop\LoLEncourage関連\LoLEncourage\myvenv\Lib\site-packages\django\template\base.py", line 479, in parse
    filter_expression = self.compile_filter(token.contents)
                        ^^^^^^^^^^^^^^^^^^^^^^^^^^^^^^^^^^^
  File "c:\Users\shpfs\Desktop\LoLEncourage関連\LoLEncourage\myvenv\Lib\site-packages\django\template\base.py", line 597, in compile_filter
    return FilterExpression(token, self)
           ^^^^^^^^^^^^^^^^^^^^^^^^^^^^^
  File "c:\Users\shpfs\Desktop\LoLEncourage関連\LoLEncourage\myvenv\Lib\site-packages\django\template\base.py", line 698, in __init__
    raise TemplateSyntaxError(
django.template.exceptions.TemplateSyntaxError: Could not parse the remainder: ' data.image_path' from 'static data.image_path'
Watching for file changes with StatReloader
Starting new HTTPS connection (1): jp1.api.riotgames.com:443
https://jp1.api.riotgames.com:443 "GET /lol/summoner/v4/summoners/by-name/LUL HTTP/1.1" 200 None
rate limit changed from 0/0s to 20/1s
rate limit changed from 0/0s to 100/120s
rate limit changed from 0/0s to 800/60s
Starting new HTTPS connection (1): asia.api.riotgames.com:443
https://asia.api.riotgames.com:443 "GET /lol/match/v5/matches/by-puuid/pBHVpmq0DLgVJiD_OnQrc1Odq8RIqV5rxlUM387uulnCFn4Dlf9P6oJON_6t0vJZ5xBPVpGiN9GS8g/ids HTTP/1.1" 200 None
rate limit changed from 0/0s to 20/1s
rate limit changed from 0/0s to 100/120s
rate limit changed from 0/0s to 2000/10s
https://asia.api.riotgames.com:443 "GET /lol/match/v5/matches/JP1_424417426 HTTP/1.1" 200 None
rate limit changed from 0/0s to 2000/10s
Internal Server Error: /
Traceback (most recent call last):
  File "c:\Users\shpfs\Desktop\LoLEncourage関連\LoLEncourage\myvenv\Lib\site-packages\django\core\handlers\exception.py", line 55, in inner
    response = get_response(request)
               ^^^^^^^^^^^^^^^^^^^^^
  File "c:\Users\shpfs\Desktop\LoLEncourage関連\LoLEncourage\myvenv\Lib\site-packages\django\core\handlers\base.py", line 197, in _get_response
    response = wrapped_callback(request, *callback_args, **callback_kwargs)
               ^^^^^^^^^^^^^^^^^^^^^^^^^^^^^^^^^^^^^^^^^^^^^^^^^^^^^^^^^^^^
  File "c:\Users\shpfs\Desktop\LoLEncourage関連\LoLEncourage\myvenv\Lib\site-packages\django\utils\decorators.py", line 188, in _view_wrapper
    result = _process_exception(request, e)
             ^^^^^^^^^^^^^^^^^^^^^^^^^^^^^^
  File "c:\Users\shpfs\Desktop\LoLEncourage関連\LoLEncourage\myvenv\Lib\site-packages\django\utils\decorators.py", line 186, in _view_wrapper
    response = view_func(request, *args, **kwargs)
               ^^^^^^^^^^^^^^^^^^^^^^^^^^^^^^^^^^^
  File "C:\Users\shpfs\Desktop\LoLEncourage関連\LoLEncourage\LoLEncourage\views.py", line 24, in view_home
    return render(request, 'result copy.html' , {'data': result_dict})
           ^^^^^^^^^^^^^^^^^^^^^^^^^^^^^^^^^^^^^^^^^^^^^^^^^^^^^^^^^^^
  File "c:\Users\shpfs\Desktop\LoLEncourage関連\LoLEncourage\myvenv\Lib\site-packages\django\shortcuts.py", line 24, in render
    content = loader.render_to_string(template_name, context, request, using=using)
              ^^^^^^^^^^^^^^^^^^^^^^^^^^^^^^^^^^^^^^^^^^^^^^^^^^^^^^^^^^^^^^^^^^^^^
  File "c:\Users\shpfs\Desktop\LoLEncourage関連\LoLEncourage\myvenv\Lib\site-packages\django\template\loader.py", line 61, in render_to_string
    template = get_template(template_name, using=using)
               ^^^^^^^^^^^^^^^^^^^^^^^^^^^^^^^^^^^^^^^^
  File "c:\Users\shpfs\Desktop\LoLEncourage関連\LoLEncourage\myvenv\Lib\site-packages\django\template\loader.py", line 15, in get_template
    return engine.get_template(template_name)
           ^^^^^^^^^^^^^^^^^^^^^^^^^^^^^^^^^^
  File "c:\Users\shpfs\Desktop\LoLEncourage関連\LoLEncourage\myvenv\Lib\site-packages\django\template\backends\django.py", line 33, in get_template
    return Template(self.engine.get_template(template_name), self)
                    ^^^^^^^^^^^^^^^^^^^^^^^^^^^^^^^^^^^^^^^
  File "c:\Users\shpfs\Desktop\LoLEncourage関連\LoLEncourage\myvenv\Lib\site-packages\django\template\engine.py", line 175, in get_template
    template, origin = self.find_template(template_name)
                       ^^^^^^^^^^^^^^^^^^^^^^^^^^^^^^^^^
  File "c:\Users\shpfs\Desktop\LoLEncourage関連\LoLEncourage\myvenv\Lib\site-packages\django\template\engine.py", line 157, in find_template
    template = loader.get_template(name, skip=skip)
               ^^^^^^^^^^^^^^^^^^^^^^^^^^^^^^^^^^^^
  File "c:\Users\shpfs\Desktop\LoLEncourage関連\LoLEncourage\myvenv\Lib\site-packages\django\template\loaders\cached.py", line 57, in get_template
    template = super().get_template(template_name, skip)
               ^^^^^^^^^^^^^^^^^^^^^^^^^^^^^^^^^^^^^^^^^
  File "c:\Users\shpfs\Desktop\LoLEncourage関連\LoLEncourage\myvenv\Lib\site-packages\django\template\loaders\base.py", line 28, in get_template
    return Template(
           ^^^^^^^^^
  File "c:\Users\shpfs\Desktop\LoLEncourage関連\LoLEncourage\myvenv\Lib\site-packages\django\template\base.py", line 154, in __init__
    self.nodelist = self.compile_nodelist()
                    ^^^^^^^^^^^^^^^^^^^^^^^
  File "c:\Users\shpfs\Desktop\LoLEncourage関連\LoLEncourage\myvenv\Lib\site-packages\django\template\base.py", line 196, in compile_nodelist
    return parser.parse()
           ^^^^^^^^^^^^^^
  File "c:\Users\shpfs\Desktop\LoLEncourage関連\LoLEncourage\myvenv\Lib\site-packages\django\template\base.py", line 481, in parse
    raise self.error(token, e)
  File "c:\Users\shpfs\Desktop\LoLEncourage関連\LoLEncourage\myvenv\Lib\site-packages\django\template\base.py", line 479, in parse
    filter_expression = self.compile_filter(token.contents)
                        ^^^^^^^^^^^^^^^^^^^^^^^^^^^^^^^^^^^
  File "c:\Users\shpfs\Desktop\LoLEncourage関連\LoLEncourage\myvenv\Lib\site-packages\django\template\base.py", line 597, in compile_filter
    return FilterExpression(token, self)
           ^^^^^^^^^^^^^^^^^^^^^^^^^^^^^
  File "c:\Users\shpfs\Desktop\LoLEncourage関連\LoLEncourage\myvenv\Lib\site-packages\django\template\base.py", line 698, in __init__
    raise TemplateSyntaxError(
django.template.exceptions.TemplateSyntaxError: Could not parse the remainder: ' data.image_path' from 'static data.image_path'
https://jp1.api.riotgames.com:443 "GET /lol/summoner/v4/summoners/by-name/LUL HTTP/1.1" 200 None
https://asia.api.riotgames.com:443 "GET /lol/match/v5/matches/by-puuid/pBHVpmq0DLgVJiD_OnQrc1Odq8RIqV5rxlUM387uulnCFn4Dlf9P6oJON_6t0vJZ5xBPVpGiN9GS8g/ids HTTP/1.1" 200 None
https://asia.api.riotgames.com:443 "GET /lol/match/v5/matches/JP1_424417426 HTTP/1.1" 200 None
Internal Server Error: /
Traceback (most recent call last):
  File "c:\Users\shpfs\Desktop\LoLEncourage関連\LoLEncourage\myvenv\Lib\site-packages\django\core\handlers\exception.py", line 55, in inner
    response = get_response(request)
               ^^^^^^^^^^^^^^^^^^^^^
  File "c:\Users\shpfs\Desktop\LoLEncourage関連\LoLEncourage\myvenv\Lib\site-packages\django\core\handlers\base.py", line 197, in _get_response
    response = wrapped_callback(request, *callback_args, **callback_kwargs)
               ^^^^^^^^^^^^^^^^^^^^^^^^^^^^^^^^^^^^^^^^^^^^^^^^^^^^^^^^^^^^
  File "c:\Users\shpfs\Desktop\LoLEncourage関連\LoLEncourage\myvenv\Lib\site-packages\django\utils\decorators.py", line 188, in _view_wrapper
    result = _process_exception(request, e)
             ^^^^^^^^^^^^^^^^^^^^^^^^^^^^^^
  File "c:\Users\shpfs\Desktop\LoLEncourage関連\LoLEncourage\myvenv\Lib\site-packages\django\utils\decorators.py", line 186, in _view_wrapper
    response = view_func(request, *args, **kwargs)
               ^^^^^^^^^^^^^^^^^^^^^^^^^^^^^^^^^^^
  File "C:\Users\shpfs\Desktop\LoLEncourage関連\LoLEncourage\LoLEncourage\views.py", line 24, in view_home
    return render(request, 'result copy.html' , {'data': result_dict})
           ^^^^^^^^^^^^^^^^^^^^^^^^^^^^^^^^^^^^^^^^^^^^^^^^^^^^^^^^^^^
  File "c:\Users\shpfs\Desktop\LoLEncourage関連\LoLEncourage\myvenv\Lib\site-packages\django\shortcuts.py", line 24, in render
    content = loader.render_to_string(template_name, context, request, using=using)
              ^^^^^^^^^^^^^^^^^^^^^^^^^^^^^^^^^^^^^^^^^^^^^^^^^^^^^^^^^^^^^^^^^^^^^
  File "c:\Users\shpfs\Desktop\LoLEncourage関連\LoLEncourage\myvenv\Lib\site-packages\django\template\loader.py", line 61, in render_to_string
    template = get_template(template_name, using=using)
               ^^^^^^^^^^^^^^^^^^^^^^^^^^^^^^^^^^^^^^^^
  File "c:\Users\shpfs\Desktop\LoLEncourage関連\LoLEncourage\myvenv\Lib\site-packages\django\template\loader.py", line 15, in get_template
    return engine.get_template(template_name)
           ^^^^^^^^^^^^^^^^^^^^^^^^^^^^^^^^^^
  File "c:\Users\shpfs\Desktop\LoLEncourage関連\LoLEncourage\myvenv\Lib\site-packages\django\template\backends\django.py", line 33, in get_template
    return Template(self.engine.get_template(template_name), self)
                    ^^^^^^^^^^^^^^^^^^^^^^^^^^^^^^^^^^^^^^^
  File "c:\Users\shpfs\Desktop\LoLEncourage関連\LoLEncourage\myvenv\Lib\site-packages\django\template\engine.py", line 175, in get_template
    template, origin = self.find_template(template_name)
                       ^^^^^^^^^^^^^^^^^^^^^^^^^^^^^^^^^
  File "c:\Users\shpfs\Desktop\LoLEncourage関連\LoLEncourage\myvenv\Lib\site-packages\django\template\engine.py", line 157, in find_template
    template = loader.get_template(name, skip=skip)
               ^^^^^^^^^^^^^^^^^^^^^^^^^^^^^^^^^^^^
  File "c:\Users\shpfs\Desktop\LoLEncourage関連\LoLEncourage\myvenv\Lib\site-packages\django\template\loaders\cached.py", line 57, in get_template
    template = super().get_template(template_name, skip)
               ^^^^^^^^^^^^^^^^^^^^^^^^^^^^^^^^^^^^^^^^^
  File "c:\Users\shpfs\Desktop\LoLEncourage関連\LoLEncourage\myvenv\Lib\site-packages\django\template\loaders\base.py", line 28, in get_template
    return Template(
           ^^^^^^^^^
  File "c:\Users\shpfs\Desktop\LoLEncourage関連\LoLEncourage\myvenv\Lib\site-packages\django\template\base.py", line 154, in __init__
    self.nodelist = self.compile_nodelist()
                    ^^^^^^^^^^^^^^^^^^^^^^^
  File "c:\Users\shpfs\Desktop\LoLEncourage関連\LoLEncourage\myvenv\Lib\site-packages\django\template\base.py", line 196, in compile_nodelist
    return parser.parse()
           ^^^^^^^^^^^^^^
  File "c:\Users\shpfs\Desktop\LoLEncourage関連\LoLEncourage\myvenv\Lib\site-packages\django\template\base.py", line 481, in parse
    raise self.error(token, e)
  File "c:\Users\shpfs\Desktop\LoLEncourage関連\LoLEncourage\myvenv\Lib\site-packages\django\template\base.py", line 479, in parse
    filter_expression = self.compile_filter(token.contents)
                        ^^^^^^^^^^^^^^^^^^^^^^^^^^^^^^^^^^^
  File "c:\Users\shpfs\Desktop\LoLEncourage関連\LoLEncourage\myvenv\Lib\site-packages\django\template\base.py", line 597, in compile_filter
    return FilterExpression(token, self)
           ^^^^^^^^^^^^^^^^^^^^^^^^^^^^^
  File "c:\Users\shpfs\Desktop\LoLEncourage関連\LoLEncourage\myvenv\Lib\site-packages\django\template\base.py", line 698, in __init__
    raise TemplateSyntaxError(
django.template.exceptions.TemplateSyntaxError: Could not parse the remainder: ' data.image_path' from 'static data.image_path'
Watching for file changes with StatReloader
C:\Users\shpfs\Desktop\LoLEncourage関連\LoLEncourage\LoLEncourage\LoLEncourage.py changed, reloading.
Watching for file changes with StatReloader
C:\Users\shpfs\Desktop\LoLEncourage関連\LoLEncourage\LoLEncourage\LoLEncourage.py changed, reloading.
Watching for file changes with StatReloader
C:\Users\shpfs\Desktop\LoLEncourage関連\LoLEncourage\LoLEncourage\LoLEncourage.py changed, reloading.
Watching for file changes with StatReloader
C:\Users\shpfs\Desktop\LoLEncourage関連\LoLEncourage\LoLEncourage\LoLEncourage.py changed, reloading.
Watching for file changes with StatReloader
C:\Users\shpfs\Desktop\LoLEncourage関連\LoLEncourage\LoLEncourage\LoLEncourage.py changed, reloading.
Watching for file changes with StatReloader
Starting new HTTPS connection (1): jp1.api.riotgames.com:443
https://jp1.api.riotgames.com:443 "GET /lol/summoner/v4/summoners/by-name/LUL HTTP/1.1" 200 None
rate limit changed from 0/0s to 20/1s
rate limit changed from 0/0s to 100/120s
rate limit changed from 0/0s to 800/60s
Starting new HTTPS connection (1): asia.api.riotgames.com:443
https://asia.api.riotgames.com:443 "GET /lol/match/v5/matches/by-puuid/pBHVpmq0DLgVJiD_OnQrc1Odq8RIqV5rxlUM387uulnCFn4Dlf9P6oJON_6t0vJZ5xBPVpGiN9GS8g/ids HTTP/1.1" 200 None
rate limit changed from 0/0s to 20/1s
rate limit changed from 0/0s to 100/120s
rate limit changed from 0/0s to 2000/10s
https://asia.api.riotgames.com:443 "GET /lol/match/v5/matches/JP1_424417426 HTTP/1.1" 200 None
rate limit changed from 0/0s to 2000/10s
Internal Server Error: /
Traceback (most recent call last):
  File "c:\Users\shpfs\Desktop\LoLEncourage関連\LoLEncourage\myvenv\Lib\site-packages\django\core\handlers\exception.py", line 55, in inner
    response = get_response(request)
               ^^^^^^^^^^^^^^^^^^^^^
  File "c:\Users\shpfs\Desktop\LoLEncourage関連\LoLEncourage\myvenv\Lib\site-packages\django\core\handlers\base.py", line 197, in _get_response
    response = wrapped_callback(request, *callback_args, **callback_kwargs)
               ^^^^^^^^^^^^^^^^^^^^^^^^^^^^^^^^^^^^^^^^^^^^^^^^^^^^^^^^^^^^
  File "c:\Users\shpfs\Desktop\LoLEncourage関連\LoLEncourage\myvenv\Lib\site-packages\django\utils\decorators.py", line 188, in _view_wrapper
    result = _process_exception(request, e)
             ^^^^^^^^^^^^^^^^^^^^^^^^^^^^^^
  File "c:\Users\shpfs\Desktop\LoLEncourage関連\LoLEncourage\myvenv\Lib\site-packages\django\utils\decorators.py", line 186, in _view_wrapper
    response = view_func(request, *args, **kwargs)
               ^^^^^^^^^^^^^^^^^^^^^^^^^^^^^^^^^^^
  File "C:\Users\shpfs\Desktop\LoLEncourage関連\LoLEncourage\LoLEncourage\views.py", line 24, in view_home
    return render(request, 'result copy.html' , {'data': result_dict})
           ^^^^^^^^^^^^^^^^^^^^^^^^^^^^^^^^^^^^^^^^^^^^^^^^^^^^^^^^^^^
  File "c:\Users\shpfs\Desktop\LoLEncourage関連\LoLEncourage\myvenv\Lib\site-packages\django\shortcuts.py", line 24, in render
    content = loader.render_to_string(template_name, context, request, using=using)
              ^^^^^^^^^^^^^^^^^^^^^^^^^^^^^^^^^^^^^^^^^^^^^^^^^^^^^^^^^^^^^^^^^^^^^
  File "c:\Users\shpfs\Desktop\LoLEncourage関連\LoLEncourage\myvenv\Lib\site-packages\django\template\loader.py", line 61, in render_to_string
    template = get_template(template_name, using=using)
               ^^^^^^^^^^^^^^^^^^^^^^^^^^^^^^^^^^^^^^^^
  File "c:\Users\shpfs\Desktop\LoLEncourage関連\LoLEncourage\myvenv\Lib\site-packages\django\template\loader.py", line 15, in get_template
    return engine.get_template(template_name)
           ^^^^^^^^^^^^^^^^^^^^^^^^^^^^^^^^^^
  File "c:\Users\shpfs\Desktop\LoLEncourage関連\LoLEncourage\myvenv\Lib\site-packages\django\template\backends\django.py", line 33, in get_template
    return Template(self.engine.get_template(template_name), self)
                    ^^^^^^^^^^^^^^^^^^^^^^^^^^^^^^^^^^^^^^^
  File "c:\Users\shpfs\Desktop\LoLEncourage関連\LoLEncourage\myvenv\Lib\site-packages\django\template\engine.py", line 175, in get_template
    template, origin = self.find_template(template_name)
                       ^^^^^^^^^^^^^^^^^^^^^^^^^^^^^^^^^
  File "c:\Users\shpfs\Desktop\LoLEncourage関連\LoLEncourage\myvenv\Lib\site-packages\django\template\engine.py", line 157, in find_template
    template = loader.get_template(name, skip=skip)
               ^^^^^^^^^^^^^^^^^^^^^^^^^^^^^^^^^^^^
  File "c:\Users\shpfs\Desktop\LoLEncourage関連\LoLEncourage\myvenv\Lib\site-packages\django\template\loaders\cached.py", line 57, in get_template
    template = super().get_template(template_name, skip)
               ^^^^^^^^^^^^^^^^^^^^^^^^^^^^^^^^^^^^^^^^^
  File "c:\Users\shpfs\Desktop\LoLEncourage関連\LoLEncourage\myvenv\Lib\site-packages\django\template\loaders\base.py", line 28, in get_template
    return Template(
           ^^^^^^^^^
  File "c:\Users\shpfs\Desktop\LoLEncourage関連\LoLEncourage\myvenv\Lib\site-packages\django\template\base.py", line 154, in __init__
    self.nodelist = self.compile_nodelist()
                    ^^^^^^^^^^^^^^^^^^^^^^^
  File "c:\Users\shpfs\Desktop\LoLEncourage関連\LoLEncourage\myvenv\Lib\site-packages\django\template\base.py", line 196, in compile_nodelist
    return parser.parse()
           ^^^^^^^^^^^^^^
  File "c:\Users\shpfs\Desktop\LoLEncourage関連\LoLEncourage\myvenv\Lib\site-packages\django\template\base.py", line 481, in parse
    raise self.error(token, e)
  File "c:\Users\shpfs\Desktop\LoLEncourage関連\LoLEncourage\myvenv\Lib\site-packages\django\template\base.py", line 479, in parse
    filter_expression = self.compile_filter(token.contents)
                        ^^^^^^^^^^^^^^^^^^^^^^^^^^^^^^^^^^^
  File "c:\Users\shpfs\Desktop\LoLEncourage関連\LoLEncourage\myvenv\Lib\site-packages\django\template\base.py", line 597, in compile_filter
    return FilterExpression(token, self)
           ^^^^^^^^^^^^^^^^^^^^^^^^^^^^^
  File "c:\Users\shpfs\Desktop\LoLEncourage関連\LoLEncourage\myvenv\Lib\site-packages\django\template\base.py", line 698, in __init__
    raise TemplateSyntaxError(
django.template.exceptions.TemplateSyntaxError: Could not parse the remainder: ' data.image_path' from 'static data.image_path'
https://jp1.api.riotgames.com:443 "GET /lol/summoner/v4/summoners/by-name/LUL HTTP/1.1" 200 None
https://asia.api.riotgames.com:443 "GET /lol/match/v5/matches/by-puuid/pBHVpmq0DLgVJiD_OnQrc1Odq8RIqV5rxlUM387uulnCFn4Dlf9P6oJON_6t0vJZ5xBPVpGiN9GS8g/ids HTTP/1.1" 200 None
https://asia.api.riotgames.com:443 "GET /lol/match/v5/matches/JP1_424417426 HTTP/1.1" 200 None
Internal Server Error: /
Traceback (most recent call last):
  File "c:\Users\shpfs\Desktop\LoLEncourage関連\LoLEncourage\myvenv\Lib\site-packages\django\core\handlers\exception.py", line 55, in inner
    response = get_response(request)
               ^^^^^^^^^^^^^^^^^^^^^
  File "c:\Users\shpfs\Desktop\LoLEncourage関連\LoLEncourage\myvenv\Lib\site-packages\django\core\handlers\base.py", line 197, in _get_response
    response = wrapped_callback(request, *callback_args, **callback_kwargs)
               ^^^^^^^^^^^^^^^^^^^^^^^^^^^^^^^^^^^^^^^^^^^^^^^^^^^^^^^^^^^^
  File "c:\Users\shpfs\Desktop\LoLEncourage関連\LoLEncourage\myvenv\Lib\site-packages\django\utils\decorators.py", line 188, in _view_wrapper
    result = _process_exception(request, e)
             ^^^^^^^^^^^^^^^^^^^^^^^^^^^^^^
  File "c:\Users\shpfs\Desktop\LoLEncourage関連\LoLEncourage\myvenv\Lib\site-packages\django\utils\decorators.py", line 186, in _view_wrapper
    response = view_func(request, *args, **kwargs)
               ^^^^^^^^^^^^^^^^^^^^^^^^^^^^^^^^^^^
  File "C:\Users\shpfs\Desktop\LoLEncourage関連\LoLEncourage\LoLEncourage\views.py", line 24, in view_home
    return render(request, 'result copy.html' , {'data': result_dict})
           ^^^^^^^^^^^^^^^^^^^^^^^^^^^^^^^^^^^^^^^^^^^^^^^^^^^^^^^^^^^
  File "c:\Users\shpfs\Desktop\LoLEncourage関連\LoLEncourage\myvenv\Lib\site-packages\django\shortcuts.py", line 24, in render
    content = loader.render_to_string(template_name, context, request, using=using)
              ^^^^^^^^^^^^^^^^^^^^^^^^^^^^^^^^^^^^^^^^^^^^^^^^^^^^^^^^^^^^^^^^^^^^^
  File "c:\Users\shpfs\Desktop\LoLEncourage関連\LoLEncourage\myvenv\Lib\site-packages\django\template\loader.py", line 61, in render_to_string
    template = get_template(template_name, using=using)
               ^^^^^^^^^^^^^^^^^^^^^^^^^^^^^^^^^^^^^^^^
  File "c:\Users\shpfs\Desktop\LoLEncourage関連\LoLEncourage\myvenv\Lib\site-packages\django\template\loader.py", line 15, in get_template
    return engine.get_template(template_name)
           ^^^^^^^^^^^^^^^^^^^^^^^^^^^^^^^^^^
  File "c:\Users\shpfs\Desktop\LoLEncourage関連\LoLEncourage\myvenv\Lib\site-packages\django\template\backends\django.py", line 33, in get_template
    return Template(self.engine.get_template(template_name), self)
                    ^^^^^^^^^^^^^^^^^^^^^^^^^^^^^^^^^^^^^^^
  File "c:\Users\shpfs\Desktop\LoLEncourage関連\LoLEncourage\myvenv\Lib\site-packages\django\template\engine.py", line 175, in get_template
    template, origin = self.find_template(template_name)
                       ^^^^^^^^^^^^^^^^^^^^^^^^^^^^^^^^^
  File "c:\Users\shpfs\Desktop\LoLEncourage関連\LoLEncourage\myvenv\Lib\site-packages\django\template\engine.py", line 157, in find_template
    template = loader.get_template(name, skip=skip)
               ^^^^^^^^^^^^^^^^^^^^^^^^^^^^^^^^^^^^
  File "c:\Users\shpfs\Desktop\LoLEncourage関連\LoLEncourage\myvenv\Lib\site-packages\django\template\loaders\cached.py", line 57, in get_template
    template = super().get_template(template_name, skip)
               ^^^^^^^^^^^^^^^^^^^^^^^^^^^^^^^^^^^^^^^^^
  File "c:\Users\shpfs\Desktop\LoLEncourage関連\LoLEncourage\myvenv\Lib\site-packages\django\template\loaders\base.py", line 28, in get_template
    return Template(
           ^^^^^^^^^
  File "c:\Users\shpfs\Desktop\LoLEncourage関連\LoLEncourage\myvenv\Lib\site-packages\django\template\base.py", line 154, in __init__
    self.nodelist = self.compile_nodelist()
                    ^^^^^^^^^^^^^^^^^^^^^^^
  File "c:\Users\shpfs\Desktop\LoLEncourage関連\LoLEncourage\myvenv\Lib\site-packages\django\template\base.py", line 196, in compile_nodelist
    return parser.parse()
           ^^^^^^^^^^^^^^
  File "c:\Users\shpfs\Desktop\LoLEncourage関連\LoLEncourage\myvenv\Lib\site-packages\django\template\base.py", line 481, in parse
    raise self.error(token, e)
  File "c:\Users\shpfs\Desktop\LoLEncourage関連\LoLEncourage\myvenv\Lib\site-packages\django\template\base.py", line 479, in parse
    filter_expression = self.compile_filter(token.contents)
                        ^^^^^^^^^^^^^^^^^^^^^^^^^^^^^^^^^^^
  File "c:\Users\shpfs\Desktop\LoLEncourage関連\LoLEncourage\myvenv\Lib\site-packages\django\template\base.py", line 597, in compile_filter
    return FilterExpression(token, self)
           ^^^^^^^^^^^^^^^^^^^^^^^^^^^^^
  File "c:\Users\shpfs\Desktop\LoLEncourage関連\LoLEncourage\myvenv\Lib\site-packages\django\template\base.py", line 698, in __init__
    raise TemplateSyntaxError(
django.template.exceptions.TemplateSyntaxError: Could not parse the remainder: ' data.image_path' from 'static data.image_path'
Watching for file changes with StatReloader
Starting new HTTPS connection (1): jp1.api.riotgames.com:443
https://jp1.api.riotgames.com:443 "GET /lol/summoner/v4/summoners/by-name/LUL HTTP/1.1" 200 None
rate limit changed from 0/0s to 20/1s
rate limit changed from 0/0s to 100/120s
rate limit changed from 0/0s to 800/60s
Starting new HTTPS connection (1): asia.api.riotgames.com:443
https://asia.api.riotgames.com:443 "GET /lol/match/v5/matches/by-puuid/pBHVpmq0DLgVJiD_OnQrc1Odq8RIqV5rxlUM387uulnCFn4Dlf9P6oJON_6t0vJZ5xBPVpGiN9GS8g/ids HTTP/1.1" 200 None
rate limit changed from 0/0s to 20/1s
rate limit changed from 0/0s to 100/120s
rate limit changed from 0/0s to 2000/10s
https://asia.api.riotgames.com:443 "GET /lol/match/v5/matches/JP1_424417426 HTTP/1.1" 200 None
rate limit changed from 0/0s to 2000/10s
Internal Server Error: /
Traceback (most recent call last):
  File "c:\Users\shpfs\Desktop\LoLEncourage関連\LoLEncourage\myvenv\Lib\site-packages\django\core\handlers\exception.py", line 55, in inner
    response = get_response(request)
               ^^^^^^^^^^^^^^^^^^^^^
  File "c:\Users\shpfs\Desktop\LoLEncourage関連\LoLEncourage\myvenv\Lib\site-packages\django\core\handlers\base.py", line 197, in _get_response
    response = wrapped_callback(request, *callback_args, **callback_kwargs)
               ^^^^^^^^^^^^^^^^^^^^^^^^^^^^^^^^^^^^^^^^^^^^^^^^^^^^^^^^^^^^
  File "c:\Users\shpfs\Desktop\LoLEncourage関連\LoLEncourage\myvenv\Lib\site-packages\django\utils\decorators.py", line 188, in _view_wrapper
    result = _process_exception(request, e)
             ^^^^^^^^^^^^^^^^^^^^^^^^^^^^^^
  File "c:\Users\shpfs\Desktop\LoLEncourage関連\LoLEncourage\myvenv\Lib\site-packages\django\utils\decorators.py", line 186, in _view_wrapper
    response = view_func(request, *args, **kwargs)
               ^^^^^^^^^^^^^^^^^^^^^^^^^^^^^^^^^^^
  File "C:\Users\shpfs\Desktop\LoLEncourage関連\LoLEncourage\LoLEncourage\views.py", line 24, in view_home
    return render(request, 'result copy.html' , {'data': result_dict})
           ^^^^^^^^^^^^^^^^^^^^^^^^^^^^^^^^^^^^^^^^^^^^^^^^^^^^^^^^^^^
  File "c:\Users\shpfs\Desktop\LoLEncourage関連\LoLEncourage\myvenv\Lib\site-packages\django\shortcuts.py", line 24, in render
    content = loader.render_to_string(template_name, context, request, using=using)
              ^^^^^^^^^^^^^^^^^^^^^^^^^^^^^^^^^^^^^^^^^^^^^^^^^^^^^^^^^^^^^^^^^^^^^
  File "c:\Users\shpfs\Desktop\LoLEncourage関連\LoLEncourage\myvenv\Lib\site-packages\django\template\loader.py", line 61, in render_to_string
    template = get_template(template_name, using=using)
               ^^^^^^^^^^^^^^^^^^^^^^^^^^^^^^^^^^^^^^^^
  File "c:\Users\shpfs\Desktop\LoLEncourage関連\LoLEncourage\myvenv\Lib\site-packages\django\template\loader.py", line 15, in get_template
    return engine.get_template(template_name)
           ^^^^^^^^^^^^^^^^^^^^^^^^^^^^^^^^^^
  File "c:\Users\shpfs\Desktop\LoLEncourage関連\LoLEncourage\myvenv\Lib\site-packages\django\template\backends\django.py", line 33, in get_template
    return Template(self.engine.get_template(template_name), self)
                    ^^^^^^^^^^^^^^^^^^^^^^^^^^^^^^^^^^^^^^^
  File "c:\Users\shpfs\Desktop\LoLEncourage関連\LoLEncourage\myvenv\Lib\site-packages\django\template\engine.py", line 175, in get_template
    template, origin = self.find_template(template_name)
                       ^^^^^^^^^^^^^^^^^^^^^^^^^^^^^^^^^
  File "c:\Users\shpfs\Desktop\LoLEncourage関連\LoLEncourage\myvenv\Lib\site-packages\django\template\engine.py", line 157, in find_template
    template = loader.get_template(name, skip=skip)
               ^^^^^^^^^^^^^^^^^^^^^^^^^^^^^^^^^^^^
  File "c:\Users\shpfs\Desktop\LoLEncourage関連\LoLEncourage\myvenv\Lib\site-packages\django\template\loaders\cached.py", line 57, in get_template
    template = super().get_template(template_name, skip)
               ^^^^^^^^^^^^^^^^^^^^^^^^^^^^^^^^^^^^^^^^^
  File "c:\Users\shpfs\Desktop\LoLEncourage関連\LoLEncourage\myvenv\Lib\site-packages\django\template\loaders\base.py", line 28, in get_template
    return Template(
           ^^^^^^^^^
  File "c:\Users\shpfs\Desktop\LoLEncourage関連\LoLEncourage\myvenv\Lib\site-packages\django\template\base.py", line 154, in __init__
    self.nodelist = self.compile_nodelist()
                    ^^^^^^^^^^^^^^^^^^^^^^^
  File "c:\Users\shpfs\Desktop\LoLEncourage関連\LoLEncourage\myvenv\Lib\site-packages\django\template\base.py", line 196, in compile_nodelist
    return parser.parse()
           ^^^^^^^^^^^^^^
  File "c:\Users\shpfs\Desktop\LoLEncourage関連\LoLEncourage\myvenv\Lib\site-packages\django\template\base.py", line 481, in parse
    raise self.error(token, e)
  File "c:\Users\shpfs\Desktop\LoLEncourage関連\LoLEncourage\myvenv\Lib\site-packages\django\template\base.py", line 479, in parse
    filter_expression = self.compile_filter(token.contents)
                        ^^^^^^^^^^^^^^^^^^^^^^^^^^^^^^^^^^^
  File "c:\Users\shpfs\Desktop\LoLEncourage関連\LoLEncourage\myvenv\Lib\site-packages\django\template\base.py", line 597, in compile_filter
    return FilterExpression(token, self)
           ^^^^^^^^^^^^^^^^^^^^^^^^^^^^^
  File "c:\Users\shpfs\Desktop\LoLEncourage関連\LoLEncourage\myvenv\Lib\site-packages\django\template\base.py", line 698, in __init__
    raise TemplateSyntaxError(
django.template.exceptions.TemplateSyntaxError: Could not parse the remainder: ' data.image_path' from 'static data.image_path'
Watching for file changes with StatReloader
Starting new HTTPS connection (1): jp1.api.riotgames.com:443
https://jp1.api.riotgames.com:443 "GET /lol/summoner/v4/summoners/by-name/LUL HTTP/1.1" 200 None
rate limit changed from 0/0s to 20/1s
rate limit changed from 0/0s to 100/120s
rate limit changed from 0/0s to 800/60s
Starting new HTTPS connection (1): asia.api.riotgames.com:443
https://asia.api.riotgames.com:443 "GET /lol/match/v5/matches/by-puuid/pBHVpmq0DLgVJiD_OnQrc1Odq8RIqV5rxlUM387uulnCFn4Dlf9P6oJON_6t0vJZ5xBPVpGiN9GS8g/ids HTTP/1.1" 200 None
rate limit changed from 0/0s to 20/1s
rate limit changed from 0/0s to 100/120s
rate limit changed from 0/0s to 2000/10s
https://asia.api.riotgames.com:443 "GET /lol/match/v5/matches/JP1_424417426 HTTP/1.1" 200 None
rate limit changed from 0/0s to 2000/10s
Internal Server Error: /
Traceback (most recent call last):
  File "c:\Users\shpfs\Desktop\LoLEncourage関連\LoLEncourage\myvenv\Lib\site-packages\django\core\handlers\exception.py", line 55, in inner
    response = get_response(request)
               ^^^^^^^^^^^^^^^^^^^^^
  File "c:\Users\shpfs\Desktop\LoLEncourage関連\LoLEncourage\myvenv\Lib\site-packages\django\core\handlers\base.py", line 197, in _get_response
    response = wrapped_callback(request, *callback_args, **callback_kwargs)
               ^^^^^^^^^^^^^^^^^^^^^^^^^^^^^^^^^^^^^^^^^^^^^^^^^^^^^^^^^^^^
  File "c:\Users\shpfs\Desktop\LoLEncourage関連\LoLEncourage\myvenv\Lib\site-packages\django\utils\decorators.py", line 188, in _view_wrapper
    result = _process_exception(request, e)
             ^^^^^^^^^^^^^^^^^^^^^^^^^^^^^^
  File "c:\Users\shpfs\Desktop\LoLEncourage関連\LoLEncourage\myvenv\Lib\site-packages\django\utils\decorators.py", line 186, in _view_wrapper
    response = view_func(request, *args, **kwargs)
               ^^^^^^^^^^^^^^^^^^^^^^^^^^^^^^^^^^^
  File "C:\Users\shpfs\Desktop\LoLEncourage関連\LoLEncourage\LoLEncourage\views.py", line 24, in view_home
    return render(request, 'result copy.html' , {'data': result_dict})
           ^^^^^^^^^^^^^^^^^^^^^^^^^^^^^^^^^^^^^^^^^^^^^^^^^^^^^^^^^^^
  File "c:\Users\shpfs\Desktop\LoLEncourage関連\LoLEncourage\myvenv\Lib\site-packages\django\shortcuts.py", line 24, in render
    content = loader.render_to_string(template_name, context, request, using=using)
              ^^^^^^^^^^^^^^^^^^^^^^^^^^^^^^^^^^^^^^^^^^^^^^^^^^^^^^^^^^^^^^^^^^^^^
  File "c:\Users\shpfs\Desktop\LoLEncourage関連\LoLEncourage\myvenv\Lib\site-packages\django\template\loader.py", line 61, in render_to_string
    template = get_template(template_name, using=using)
               ^^^^^^^^^^^^^^^^^^^^^^^^^^^^^^^^^^^^^^^^
  File "c:\Users\shpfs\Desktop\LoLEncourage関連\LoLEncourage\myvenv\Lib\site-packages\django\template\loader.py", line 15, in get_template
    return engine.get_template(template_name)
           ^^^^^^^^^^^^^^^^^^^^^^^^^^^^^^^^^^
  File "c:\Users\shpfs\Desktop\LoLEncourage関連\LoLEncourage\myvenv\Lib\site-packages\django\template\backends\django.py", line 33, in get_template
    return Template(self.engine.get_template(template_name), self)
                    ^^^^^^^^^^^^^^^^^^^^^^^^^^^^^^^^^^^^^^^
  File "c:\Users\shpfs\Desktop\LoLEncourage関連\LoLEncourage\myvenv\Lib\site-packages\django\template\engine.py", line 175, in get_template
    template, origin = self.find_template(template_name)
                       ^^^^^^^^^^^^^^^^^^^^^^^^^^^^^^^^^
  File "c:\Users\shpfs\Desktop\LoLEncourage関連\LoLEncourage\myvenv\Lib\site-packages\django\template\engine.py", line 157, in find_template
    template = loader.get_template(name, skip=skip)
               ^^^^^^^^^^^^^^^^^^^^^^^^^^^^^^^^^^^^
  File "c:\Users\shpfs\Desktop\LoLEncourage関連\LoLEncourage\myvenv\Lib\site-packages\django\template\loaders\cached.py", line 57, in get_template
    template = super().get_template(template_name, skip)
               ^^^^^^^^^^^^^^^^^^^^^^^^^^^^^^^^^^^^^^^^^
  File "c:\Users\shpfs\Desktop\LoLEncourage関連\LoLEncourage\myvenv\Lib\site-packages\django\template\loaders\base.py", line 28, in get_template
    return Template(
           ^^^^^^^^^
  File "c:\Users\shpfs\Desktop\LoLEncourage関連\LoLEncourage\myvenv\Lib\site-packages\django\template\base.py", line 154, in __init__
    self.nodelist = self.compile_nodelist()
                    ^^^^^^^^^^^^^^^^^^^^^^^
  File "c:\Users\shpfs\Desktop\LoLEncourage関連\LoLEncourage\myvenv\Lib\site-packages\django\template\base.py", line 196, in compile_nodelist
    return parser.parse()
           ^^^^^^^^^^^^^^
  File "c:\Users\shpfs\Desktop\LoLEncourage関連\LoLEncourage\myvenv\Lib\site-packages\django\template\base.py", line 481, in parse
    raise self.error(token, e)
  File "c:\Users\shpfs\Desktop\LoLEncourage関連\LoLEncourage\myvenv\Lib\site-packages\django\template\base.py", line 479, in parse
    filter_expression = self.compile_filter(token.contents)
                        ^^^^^^^^^^^^^^^^^^^^^^^^^^^^^^^^^^^
  File "c:\Users\shpfs\Desktop\LoLEncourage関連\LoLEncourage\myvenv\Lib\site-packages\django\template\base.py", line 597, in compile_filter
    return FilterExpression(token, self)
           ^^^^^^^^^^^^^^^^^^^^^^^^^^^^^
  File "c:\Users\shpfs\Desktop\LoLEncourage関連\LoLEncourage\myvenv\Lib\site-packages\django\template\base.py", line 698, in __init__
    raise TemplateSyntaxError(
django.template.exceptions.TemplateSyntaxError: Could not parse the remainder: ' data.image_path' from 'static data.image_path'
Watching for file changes with StatReloader
Starting new HTTPS connection (1): jp1.api.riotgames.com:443
https://jp1.api.riotgames.com:443 "GET /lol/summoner/v4/summoners/by-name/LUL HTTP/1.1" 200 None
rate limit changed from 0/0s to 20/1s
rate limit changed from 0/0s to 100/120s
rate limit changed from 0/0s to 800/60s
Starting new HTTPS connection (1): asia.api.riotgames.com:443
https://asia.api.riotgames.com:443 "GET /lol/match/v5/matches/by-puuid/pBHVpmq0DLgVJiD_OnQrc1Odq8RIqV5rxlUM387uulnCFn4Dlf9P6oJON_6t0vJZ5xBPVpGiN9GS8g/ids HTTP/1.1" 200 None
rate limit changed from 0/0s to 20/1s
rate limit changed from 0/0s to 100/120s
rate limit changed from 0/0s to 2000/10s
https://asia.api.riotgames.com:443 "GET /lol/match/v5/matches/JP1_424417426 HTTP/1.1" 200 None
rate limit changed from 0/0s to 2000/10s
Internal Server Error: /
Traceback (most recent call last):
  File "c:\Users\shpfs\Desktop\LoLEncourage関連\LoLEncourage\myvenv\Lib\site-packages\django\core\handlers\exception.py", line 55, in inner
    response = get_response(request)
               ^^^^^^^^^^^^^^^^^^^^^
  File "c:\Users\shpfs\Desktop\LoLEncourage関連\LoLEncourage\myvenv\Lib\site-packages\django\core\handlers\base.py", line 197, in _get_response
    response = wrapped_callback(request, *callback_args, **callback_kwargs)
               ^^^^^^^^^^^^^^^^^^^^^^^^^^^^^^^^^^^^^^^^^^^^^^^^^^^^^^^^^^^^
  File "c:\Users\shpfs\Desktop\LoLEncourage関連\LoLEncourage\myvenv\Lib\site-packages\django\utils\decorators.py", line 188, in _view_wrapper
    result = _process_exception(request, e)
             ^^^^^^^^^^^^^^^^^^^^^^^^^^^^^^
  File "c:\Users\shpfs\Desktop\LoLEncourage関連\LoLEncourage\myvenv\Lib\site-packages\django\utils\decorators.py", line 186, in _view_wrapper
    response = view_func(request, *args, **kwargs)
               ^^^^^^^^^^^^^^^^^^^^^^^^^^^^^^^^^^^
  File "C:\Users\shpfs\Desktop\LoLEncourage関連\LoLEncourage\LoLEncourage\views.py", line 24, in view_home
    return render(request, 'result copy.html' , {'data': result_dict})
           ^^^^^^^^^^^^^^^^^^^^^^^^^^^^^^^^^^^^^^^^^^^^^^^^^^^^^^^^^^^
  File "c:\Users\shpfs\Desktop\LoLEncourage関連\LoLEncourage\myvenv\Lib\site-packages\django\shortcuts.py", line 24, in render
    content = loader.render_to_string(template_name, context, request, using=using)
              ^^^^^^^^^^^^^^^^^^^^^^^^^^^^^^^^^^^^^^^^^^^^^^^^^^^^^^^^^^^^^^^^^^^^^
  File "c:\Users\shpfs\Desktop\LoLEncourage関連\LoLEncourage\myvenv\Lib\site-packages\django\template\loader.py", line 61, in render_to_string
    template = get_template(template_name, using=using)
               ^^^^^^^^^^^^^^^^^^^^^^^^^^^^^^^^^^^^^^^^
  File "c:\Users\shpfs\Desktop\LoLEncourage関連\LoLEncourage\myvenv\Lib\site-packages\django\template\loader.py", line 15, in get_template
    return engine.get_template(template_name)
           ^^^^^^^^^^^^^^^^^^^^^^^^^^^^^^^^^^
  File "c:\Users\shpfs\Desktop\LoLEncourage関連\LoLEncourage\myvenv\Lib\site-packages\django\template\backends\django.py", line 33, in get_template
    return Template(self.engine.get_template(template_name), self)
                    ^^^^^^^^^^^^^^^^^^^^^^^^^^^^^^^^^^^^^^^
  File "c:\Users\shpfs\Desktop\LoLEncourage関連\LoLEncourage\myvenv\Lib\site-packages\django\template\engine.py", line 175, in get_template
    template, origin = self.find_template(template_name)
                       ^^^^^^^^^^^^^^^^^^^^^^^^^^^^^^^^^
  File "c:\Users\shpfs\Desktop\LoLEncourage関連\LoLEncourage\myvenv\Lib\site-packages\django\template\engine.py", line 157, in find_template
    template = loader.get_template(name, skip=skip)
               ^^^^^^^^^^^^^^^^^^^^^^^^^^^^^^^^^^^^
  File "c:\Users\shpfs\Desktop\LoLEncourage関連\LoLEncourage\myvenv\Lib\site-packages\django\template\loaders\cached.py", line 57, in get_template
    template = super().get_template(template_name, skip)
               ^^^^^^^^^^^^^^^^^^^^^^^^^^^^^^^^^^^^^^^^^
  File "c:\Users\shpfs\Desktop\LoLEncourage関連\LoLEncourage\myvenv\Lib\site-packages\django\template\loaders\base.py", line 28, in get_template
    return Template(
           ^^^^^^^^^
  File "c:\Users\shpfs\Desktop\LoLEncourage関連\LoLEncourage\myvenv\Lib\site-packages\django\template\base.py", line 154, in __init__
    self.nodelist = self.compile_nodelist()
                    ^^^^^^^^^^^^^^^^^^^^^^^
  File "c:\Users\shpfs\Desktop\LoLEncourage関連\LoLEncourage\myvenv\Lib\site-packages\django\template\base.py", line 196, in compile_nodelist
    return parser.parse()
           ^^^^^^^^^^^^^^
  File "c:\Users\shpfs\Desktop\LoLEncourage関連\LoLEncourage\myvenv\Lib\site-packages\django\template\base.py", line 481, in parse
    raise self.error(token, e)
  File "c:\Users\shpfs\Desktop\LoLEncourage関連\LoLEncourage\myvenv\Lib\site-packages\django\template\base.py", line 479, in parse
    filter_expression = self.compile_filter(token.contents)
                        ^^^^^^^^^^^^^^^^^^^^^^^^^^^^^^^^^^^
  File "c:\Users\shpfs\Desktop\LoLEncourage関連\LoLEncourage\myvenv\Lib\site-packages\django\template\base.py", line 597, in compile_filter
    return FilterExpression(token, self)
           ^^^^^^^^^^^^^^^^^^^^^^^^^^^^^
  File "c:\Users\shpfs\Desktop\LoLEncourage関連\LoLEncourage\myvenv\Lib\site-packages\django\template\base.py", line 698, in __init__
    raise TemplateSyntaxError(
django.template.exceptions.TemplateSyntaxError: Could not parse the remainder: ' data.image_path' from 'static data.image_path'
C:\Users\shpfs\Desktop\LoLEncourage関連\LoLEncourage\LoLEncourage\settings.py changed, reloading.
Watching for file changes with StatReloader
C:\Users\shpfs\Desktop\LoLEncourage関連\LoLEncourage\LoLEncourage\settings.py changed, reloading.
Watching for file changes with StatReloader
Starting new HTTPS connection (1): jp1.api.riotgames.com:443
https://jp1.api.riotgames.com:443 "GET /lol/summoner/v4/summoners/by-name/LUL HTTP/1.1" 200 None
rate limit changed from 0/0s to 20/1s
rate limit changed from 0/0s to 100/120s
rate limit changed from 0/0s to 800/60s
Starting new HTTPS connection (1): asia.api.riotgames.com:443
https://asia.api.riotgames.com:443 "GET /lol/match/v5/matches/by-puuid/pBHVpmq0DLgVJiD_OnQrc1Odq8RIqV5rxlUM387uulnCFn4Dlf9P6oJON_6t0vJZ5xBPVpGiN9GS8g/ids HTTP/1.1" 200 None
rate limit changed from 0/0s to 20/1s
rate limit changed from 0/0s to 100/120s
rate limit changed from 0/0s to 2000/10s
https://asia.api.riotgames.com:443 "GET /lol/match/v5/matches/JP1_424417426 HTTP/1.1" 200 None
rate limit changed from 0/0s to 2000/10s
Internal Server Error: /
Traceback (most recent call last):
  File "c:\Users\shpfs\Desktop\LoLEncourage関連\LoLEncourage\myvenv\Lib\site-packages\django\core\handlers\exception.py", line 55, in inner
    response = get_response(request)
               ^^^^^^^^^^^^^^^^^^^^^
  File "c:\Users\shpfs\Desktop\LoLEncourage関連\LoLEncourage\myvenv\Lib\site-packages\django\core\handlers\base.py", line 197, in _get_response
    response = wrapped_callback(request, *callback_args, **callback_kwargs)
               ^^^^^^^^^^^^^^^^^^^^^^^^^^^^^^^^^^^^^^^^^^^^^^^^^^^^^^^^^^^^
  File "c:\Users\shpfs\Desktop\LoLEncourage関連\LoLEncourage\myvenv\Lib\site-packages\django\utils\decorators.py", line 188, in _view_wrapper
    result = _process_exception(request, e)
             ^^^^^^^^^^^^^^^^^^^^^^^^^^^^^^
  File "c:\Users\shpfs\Desktop\LoLEncourage関連\LoLEncourage\myvenv\Lib\site-packages\django\utils\decorators.py", line 186, in _view_wrapper
    response = view_func(request, *args, **kwargs)
               ^^^^^^^^^^^^^^^^^^^^^^^^^^^^^^^^^^^
  File "C:\Users\shpfs\Desktop\LoLEncourage関連\LoLEncourage\LoLEncourage\views.py", line 24, in view_home
    return render(request, 'result copy.html' , {'data': result_dict})
           ^^^^^^^^^^^^^^^^^^^^^^^^^^^^^^^^^^^^^^^^^^^^^^^^^^^^^^^^^^^
  File "c:\Users\shpfs\Desktop\LoLEncourage関連\LoLEncourage\myvenv\Lib\site-packages\django\shortcuts.py", line 24, in render
    content = loader.render_to_string(template_name, context, request, using=using)
              ^^^^^^^^^^^^^^^^^^^^^^^^^^^^^^^^^^^^^^^^^^^^^^^^^^^^^^^^^^^^^^^^^^^^^
  File "c:\Users\shpfs\Desktop\LoLEncourage関連\LoLEncourage\myvenv\Lib\site-packages\django\template\loader.py", line 61, in render_to_string
    template = get_template(template_name, using=using)
               ^^^^^^^^^^^^^^^^^^^^^^^^^^^^^^^^^^^^^^^^
  File "c:\Users\shpfs\Desktop\LoLEncourage関連\LoLEncourage\myvenv\Lib\site-packages\django\template\loader.py", line 15, in get_template
    return engine.get_template(template_name)
           ^^^^^^^^^^^^^^^^^^^^^^^^^^^^^^^^^^
  File "c:\Users\shpfs\Desktop\LoLEncourage関連\LoLEncourage\myvenv\Lib\site-packages\django\template\backends\django.py", line 33, in get_template
    return Template(self.engine.get_template(template_name), self)
                    ^^^^^^^^^^^^^^^^^^^^^^^^^^^^^^^^^^^^^^^
  File "c:\Users\shpfs\Desktop\LoLEncourage関連\LoLEncourage\myvenv\Lib\site-packages\django\template\engine.py", line 175, in get_template
    template, origin = self.find_template(template_name)
                       ^^^^^^^^^^^^^^^^^^^^^^^^^^^^^^^^^
  File "c:\Users\shpfs\Desktop\LoLEncourage関連\LoLEncourage\myvenv\Lib\site-packages\django\template\engine.py", line 157, in find_template
    template = loader.get_template(name, skip=skip)
               ^^^^^^^^^^^^^^^^^^^^^^^^^^^^^^^^^^^^
  File "c:\Users\shpfs\Desktop\LoLEncourage関連\LoLEncourage\myvenv\Lib\site-packages\django\template\loaders\cached.py", line 57, in get_template
    template = super().get_template(template_name, skip)
               ^^^^^^^^^^^^^^^^^^^^^^^^^^^^^^^^^^^^^^^^^
  File "c:\Users\shpfs\Desktop\LoLEncourage関連\LoLEncourage\myvenv\Lib\site-packages\django\template\loaders\base.py", line 28, in get_template
    return Template(
           ^^^^^^^^^
  File "c:\Users\shpfs\Desktop\LoLEncourage関連\LoLEncourage\myvenv\Lib\site-packages\django\template\base.py", line 154, in __init__
    self.nodelist = self.compile_nodelist()
                    ^^^^^^^^^^^^^^^^^^^^^^^
  File "c:\Users\shpfs\Desktop\LoLEncourage関連\LoLEncourage\myvenv\Lib\site-packages\django\template\base.py", line 196, in compile_nodelist
    return parser.parse()
           ^^^^^^^^^^^^^^
  File "c:\Users\shpfs\Desktop\LoLEncourage関連\LoLEncourage\myvenv\Lib\site-packages\django\template\base.py", line 481, in parse
    raise self.error(token, e)
  File "c:\Users\shpfs\Desktop\LoLEncourage関連\LoLEncourage\myvenv\Lib\site-packages\django\template\base.py", line 479, in parse
    filter_expression = self.compile_filter(token.contents)
                        ^^^^^^^^^^^^^^^^^^^^^^^^^^^^^^^^^^^
  File "c:\Users\shpfs\Desktop\LoLEncourage関連\LoLEncourage\myvenv\Lib\site-packages\django\template\base.py", line 597, in compile_filter
    return FilterExpression(token, self)
           ^^^^^^^^^^^^^^^^^^^^^^^^^^^^^
  File "c:\Users\shpfs\Desktop\LoLEncourage関連\LoLEncourage\myvenv\Lib\site-packages\django\template\base.py", line 698, in __init__
    raise TemplateSyntaxError(
django.template.exceptions.TemplateSyntaxError: Could not parse the remainder: ' data.image_path' from 'static data.image_path'
C:\Users\shpfs\Desktop\LoLEncourage関連\LoLEncourage\LoLEncourage\LoLEncourage.py changed, reloading.
Watching for file changes with StatReloader
C:\Users\shpfs\Desktop\LoLEncourage関連\LoLEncourage\LoLEncourage\LoLEncourage.py changed, reloading.
Watching for file changes with StatReloader
C:\Users\shpfs\Desktop\LoLEncourage関連\LoLEncourage\LoLEncourage\LoLEncourage.py changed, reloading.
Watching for file changes with StatReloader
Watching for file changes with StatReloader
C:\Users\shpfs\Desktop\LoLEncourage関連\LoLEncourage\LoLEncourage\LoLEncourage.py changed, reloading.
Watching for file changes with StatReloader
Starting new HTTPS connection (1): jp1.api.riotgames.com:443
https://jp1.api.riotgames.com:443 "GET /lol/summoner/v4/summoners/by-name/LUL HTTP/1.1" 200 None
rate limit changed from 0/0s to 20/1s
rate limit changed from 0/0s to 100/120s
rate limit changed from 0/0s to 800/60s
Starting new HTTPS connection (1): asia.api.riotgames.com:443
https://asia.api.riotgames.com:443 "GET /lol/match/v5/matches/by-puuid/pBHVpmq0DLgVJiD_OnQrc1Odq8RIqV5rxlUM387uulnCFn4Dlf9P6oJON_6t0vJZ5xBPVpGiN9GS8g/ids HTTP/1.1" 200 None
rate limit changed from 0/0s to 20/1s
rate limit changed from 0/0s to 100/120s
rate limit changed from 0/0s to 2000/10s
https://asia.api.riotgames.com:443 "GET /lol/match/v5/matches/JP1_424417426 HTTP/1.1" 200 None
rate limit changed from 0/0s to 2000/10s
Internal Server Error: /
Traceback (most recent call last):
  File "c:\Users\shpfs\Desktop\LoLEncourage関連\LoLEncourage\myvenv\Lib\site-packages\django\core\handlers\exception.py", line 55, in inner
    response = get_response(request)
               ^^^^^^^^^^^^^^^^^^^^^
  File "c:\Users\shpfs\Desktop\LoLEncourage関連\LoLEncourage\myvenv\Lib\site-packages\django\core\handlers\base.py", line 197, in _get_response
    response = wrapped_callback(request, *callback_args, **callback_kwargs)
               ^^^^^^^^^^^^^^^^^^^^^^^^^^^^^^^^^^^^^^^^^^^^^^^^^^^^^^^^^^^^
  File "c:\Users\shpfs\Desktop\LoLEncourage関連\LoLEncourage\myvenv\Lib\site-packages\django\utils\decorators.py", line 188, in _view_wrapper
    result = _process_exception(request, e)
             ^^^^^^^^^^^^^^^^^^^^^^^^^^^^^^
  File "c:\Users\shpfs\Desktop\LoLEncourage関連\LoLEncourage\myvenv\Lib\site-packages\django\utils\decorators.py", line 186, in _view_wrapper
    response = view_func(request, *args, **kwargs)
               ^^^^^^^^^^^^^^^^^^^^^^^^^^^^^^^^^^^
  File "C:\Users\shpfs\Desktop\LoLEncourage関連\LoLEncourage\LoLEncourage\views.py", line 24, in view_home
    return render(request, 'result copy.html' , {'data': result_dict})
           ^^^^^^^^^^^^^^^^^^^^^^^^^^^^^^^^^^^^^^^^^^^^^^^^^^^^^^^^^^^
  File "c:\Users\shpfs\Desktop\LoLEncourage関連\LoLEncourage\myvenv\Lib\site-packages\django\shortcuts.py", line 24, in render
    content = loader.render_to_string(template_name, context, request, using=using)
              ^^^^^^^^^^^^^^^^^^^^^^^^^^^^^^^^^^^^^^^^^^^^^^^^^^^^^^^^^^^^^^^^^^^^^
  File "c:\Users\shpfs\Desktop\LoLEncourage関連\LoLEncourage\myvenv\Lib\site-packages\django\template\loader.py", line 61, in render_to_string
    template = get_template(template_name, using=using)
               ^^^^^^^^^^^^^^^^^^^^^^^^^^^^^^^^^^^^^^^^
  File "c:\Users\shpfs\Desktop\LoLEncourage関連\LoLEncourage\myvenv\Lib\site-packages\django\template\loader.py", line 15, in get_template
    return engine.get_template(template_name)
           ^^^^^^^^^^^^^^^^^^^^^^^^^^^^^^^^^^
  File "c:\Users\shpfs\Desktop\LoLEncourage関連\LoLEncourage\myvenv\Lib\site-packages\django\template\backends\django.py", line 33, in get_template
    return Template(self.engine.get_template(template_name), self)
                    ^^^^^^^^^^^^^^^^^^^^^^^^^^^^^^^^^^^^^^^
  File "c:\Users\shpfs\Desktop\LoLEncourage関連\LoLEncourage\myvenv\Lib\site-packages\django\template\engine.py", line 175, in get_template
    template, origin = self.find_template(template_name)
                       ^^^^^^^^^^^^^^^^^^^^^^^^^^^^^^^^^
  File "c:\Users\shpfs\Desktop\LoLEncourage関連\LoLEncourage\myvenv\Lib\site-packages\django\template\engine.py", line 157, in find_template
    template = loader.get_template(name, skip=skip)
               ^^^^^^^^^^^^^^^^^^^^^^^^^^^^^^^^^^^^
  File "c:\Users\shpfs\Desktop\LoLEncourage関連\LoLEncourage\myvenv\Lib\site-packages\django\template\loaders\cached.py", line 57, in get_template
    template = super().get_template(template_name, skip)
               ^^^^^^^^^^^^^^^^^^^^^^^^^^^^^^^^^^^^^^^^^
  File "c:\Users\shpfs\Desktop\LoLEncourage関連\LoLEncourage\myvenv\Lib\site-packages\django\template\loaders\base.py", line 28, in get_template
    return Template(
           ^^^^^^^^^
  File "c:\Users\shpfs\Desktop\LoLEncourage関連\LoLEncourage\myvenv\Lib\site-packages\django\template\base.py", line 154, in __init__
    self.nodelist = self.compile_nodelist()
                    ^^^^^^^^^^^^^^^^^^^^^^^
  File "c:\Users\shpfs\Desktop\LoLEncourage関連\LoLEncourage\myvenv\Lib\site-packages\django\template\base.py", line 196, in compile_nodelist
    return parser.parse()
           ^^^^^^^^^^^^^^
  File "c:\Users\shpfs\Desktop\LoLEncourage関連\LoLEncourage\myvenv\Lib\site-packages\django\template\base.py", line 481, in parse
    raise self.error(token, e)
  File "c:\Users\shpfs\Desktop\LoLEncourage関連\LoLEncourage\myvenv\Lib\site-packages\django\template\base.py", line 479, in parse
    filter_expression = self.compile_filter(token.contents)
                        ^^^^^^^^^^^^^^^^^^^^^^^^^^^^^^^^^^^
  File "c:\Users\shpfs\Desktop\LoLEncourage関連\LoLEncourage\myvenv\Lib\site-packages\django\template\base.py", line 597, in compile_filter
    return FilterExpression(token, self)
           ^^^^^^^^^^^^^^^^^^^^^^^^^^^^^
  File "c:\Users\shpfs\Desktop\LoLEncourage関連\LoLEncourage\myvenv\Lib\site-packages\django\template\base.py", line 698, in __init__
    raise TemplateSyntaxError(
django.template.exceptions.TemplateSyntaxError: Could not parse the remainder: ' data.image_path' from 'static data.image_path'
C:\Users\shpfs\Desktop\LoLEncourage関連\LoLEncourage\LoLEncourage\settings.py changed, reloading.
Watching for file changes with StatReloader
C:\Users\shpfs\Desktop\LoLEncourage関連\LoLEncourage\LoLEncourage\settings.py changed, reloading.
Watching for file changes with StatReloader
Watching for file changes with StatReloader
C:\Users\shpfs\Desktop\LoLEncourage関連\LoLEncourage\LoLEncourage\LoLEncourage.py changed, reloading.
Watching for file changes with StatReloader
C:\Users\shpfs\Desktop\LoLEncourage関連\LoLEncourage\LoLEncourage\LoLEncourage.py changed, reloading.
Watching for file changes with StatReloader
C:\Users\shpfs\Desktop\LoLEncourage関連\LoLEncourage\LoLEncourage\LoLEncourage.py changed, reloading.
Watching for file changes with StatReloader
C:\Users\shpfs\Desktop\LoLEncourage関連\LoLEncourage\LoLEncourage\LoLEncourage.py changed, reloading.
Watching for file changes with StatReloader
C:\Users\shpfs\Desktop\LoLEncourage関連\LoLEncourage\LoLEncourage\LoLEncourage.py changed, reloading.
Watching for file changes with StatReloader
Starting new HTTPS connection (1): jp1.api.riotgames.com:443
https://jp1.api.riotgames.com:443 "GET /lol/summoner/v4/summoners/by-name/LUL HTTP/1.1" 200 None
rate limit changed from 0/0s to 20/1s
rate limit changed from 0/0s to 100/120s
rate limit changed from 0/0s to 800/60s
Starting new HTTPS connection (1): asia.api.riotgames.com:443
https://asia.api.riotgames.com:443 "GET /lol/match/v5/matches/by-puuid/pBHVpmq0DLgVJiD_OnQrc1Odq8RIqV5rxlUM387uulnCFn4Dlf9P6oJON_6t0vJZ5xBPVpGiN9GS8g/ids HTTP/1.1" 200 None
rate limit changed from 0/0s to 20/1s
rate limit changed from 0/0s to 100/120s
rate limit changed from 0/0s to 2000/10s
https://asia.api.riotgames.com:443 "GET /lol/match/v5/matches/JP1_424417426 HTTP/1.1" 200 None
rate limit changed from 0/0s to 2000/10s
https://jp1.api.riotgames.com:443 "GET /lol/summoner/v4/summoners/by-name/LUL HTTP/1.1" 200 None
C:\Users\shpfs\Desktop\LoLEncourage関連\LoLEncourage\LoLEncourage\LoLEncourage.py changed, reloading.
https://asia.api.riotgames.com:443 "GET /lol/match/v5/matches/by-puuid/pBHVpmq0DLgVJiD_OnQrc1Odq8RIqV5rxlUM387uulnCFn4Dlf9P6oJON_6t0vJZ5xBPVpGiN9GS8g/ids HTTP/1.1" 200 None
https://asia.api.riotgames.com:443 "GET /lol/match/v5/matches/JP1_424417426 HTTP/1.1" 200 None
Watching for file changes with StatReloader
Starting new HTTPS connection (1): jp1.api.riotgames.com:443
https://jp1.api.riotgames.com:443 "GET /lol/summoner/v4/summoners/by-name/LUL HTTP/1.1" 200 None
rate limit changed from 0/0s to 20/1s
rate limit changed from 0/0s to 100/120s
rate limit changed from 0/0s to 800/60s
Starting new HTTPS connection (1): asia.api.riotgames.com:443
https://asia.api.riotgames.com:443 "GET /lol/match/v5/matches/by-puuid/pBHVpmq0DLgVJiD_OnQrc1Odq8RIqV5rxlUM387uulnCFn4Dlf9P6oJON_6t0vJZ5xBPVpGiN9GS8g/ids HTTP/1.1" 200 None
rate limit changed from 0/0s to 20/1s
rate limit changed from 0/0s to 100/120s
rate limit changed from 0/0s to 2000/10s
https://asia.api.riotgames.com:443 "GET /lol/match/v5/matches/JP1_424417426 HTTP/1.1" 200 None
rate limit changed from 0/0s to 2000/10s
Internal Server Error: /
Traceback (most recent call last):
  File "c:\Users\shpfs\Desktop\LoLEncourage関連\LoLEncourage\myvenv\Lib\site-packages\django\core\handlers\exception.py", line 55, in inner
    response = get_response(request)
               ^^^^^^^^^^^^^^^^^^^^^
  File "c:\Users\shpfs\Desktop\LoLEncourage関連\LoLEncourage\myvenv\Lib\site-packages\django\core\handlers\base.py", line 197, in _get_response
    response = wrapped_callback(request, *callback_args, **callback_kwargs)
               ^^^^^^^^^^^^^^^^^^^^^^^^^^^^^^^^^^^^^^^^^^^^^^^^^^^^^^^^^^^^
  File "c:\Users\shpfs\Desktop\LoLEncourage関連\LoLEncourage\myvenv\Lib\site-packages\django\utils\decorators.py", line 188, in _view_wrapper
    result = _process_exception(request, e)
             ^^^^^^^^^^^^^^^^^^^^^^^^^^^^^^
  File "c:\Users\shpfs\Desktop\LoLEncourage関連\LoLEncourage\myvenv\Lib\site-packages\django\utils\decorators.py", line 186, in _view_wrapper
    response = view_func(request, *args, **kwargs)
               ^^^^^^^^^^^^^^^^^^^^^^^^^^^^^^^^^^^
  File "C:\Users\shpfs\Desktop\LoLEncourage関連\LoLEncourage\LoLEncourage\views.py", line 24, in view_home
    return render(request, 'result copy.html' , {'data': result_dict})
           ^^^^^^^^^^^^^^^^^^^^^^^^^^^^^^^^^^^^^^^^^^^^^^^^^^^^^^^^^^^
  File "c:\Users\shpfs\Desktop\LoLEncourage関連\LoLEncourage\myvenv\Lib\site-packages\django\shortcuts.py", line 24, in render
    content = loader.render_to_string(template_name, context, request, using=using)
              ^^^^^^^^^^^^^^^^^^^^^^^^^^^^^^^^^^^^^^^^^^^^^^^^^^^^^^^^^^^^^^^^^^^^^
  File "c:\Users\shpfs\Desktop\LoLEncourage関連\LoLEncourage\myvenv\Lib\site-packages\django\template\loader.py", line 61, in render_to_string
    template = get_template(template_name, using=using)
               ^^^^^^^^^^^^^^^^^^^^^^^^^^^^^^^^^^^^^^^^
  File "c:\Users\shpfs\Desktop\LoLEncourage関連\LoLEncourage\myvenv\Lib\site-packages\django\template\loader.py", line 15, in get_template
    return engine.get_template(template_name)
           ^^^^^^^^^^^^^^^^^^^^^^^^^^^^^^^^^^
  File "c:\Users\shpfs\Desktop\LoLEncourage関連\LoLEncourage\myvenv\Lib\site-packages\django\template\backends\django.py", line 33, in get_template
    return Template(self.engine.get_template(template_name), self)
                    ^^^^^^^^^^^^^^^^^^^^^^^^^^^^^^^^^^^^^^^
  File "c:\Users\shpfs\Desktop\LoLEncourage関連\LoLEncourage\myvenv\Lib\site-packages\django\template\engine.py", line 175, in get_template
    template, origin = self.find_template(template_name)
                       ^^^^^^^^^^^^^^^^^^^^^^^^^^^^^^^^^
  File "c:\Users\shpfs\Desktop\LoLEncourage関連\LoLEncourage\myvenv\Lib\site-packages\django\template\engine.py", line 157, in find_template
    template = loader.get_template(name, skip=skip)
               ^^^^^^^^^^^^^^^^^^^^^^^^^^^^^^^^^^^^
  File "c:\Users\shpfs\Desktop\LoLEncourage関連\LoLEncourage\myvenv\Lib\site-packages\django\template\loaders\cached.py", line 57, in get_template
    template = super().get_template(template_name, skip)
               ^^^^^^^^^^^^^^^^^^^^^^^^^^^^^^^^^^^^^^^^^
  File "c:\Users\shpfs\Desktop\LoLEncourage関連\LoLEncourage\myvenv\Lib\site-packages\django\template\loaders\base.py", line 28, in get_template
    return Template(
           ^^^^^^^^^
  File "c:\Users\shpfs\Desktop\LoLEncourage関連\LoLEncourage\myvenv\Lib\site-packages\django\template\base.py", line 154, in __init__
    self.nodelist = self.compile_nodelist()
                    ^^^^^^^^^^^^^^^^^^^^^^^
  File "c:\Users\shpfs\Desktop\LoLEncourage関連\LoLEncourage\myvenv\Lib\site-packages\django\template\base.py", line 196, in compile_nodelist
    return parser.parse()
           ^^^^^^^^^^^^^^
  File "c:\Users\shpfs\Desktop\LoLEncourage関連\LoLEncourage\myvenv\Lib\site-packages\django\template\base.py", line 481, in parse
    raise self.error(token, e)
  File "c:\Users\shpfs\Desktop\LoLEncourage関連\LoLEncourage\myvenv\Lib\site-packages\django\template\base.py", line 479, in parse
    filter_expression = self.compile_filter(token.contents)
                        ^^^^^^^^^^^^^^^^^^^^^^^^^^^^^^^^^^^
  File "c:\Users\shpfs\Desktop\LoLEncourage関連\LoLEncourage\myvenv\Lib\site-packages\django\template\base.py", line 597, in compile_filter
    return FilterExpression(token, self)
           ^^^^^^^^^^^^^^^^^^^^^^^^^^^^^
  File "c:\Users\shpfs\Desktop\LoLEncourage関連\LoLEncourage\myvenv\Lib\site-packages\django\template\base.py", line 698, in __init__
    raise TemplateSyntaxError(
django.template.exceptions.TemplateSyntaxError: Could not parse the remainder: ' data.image_path' from 'static data.image_path'
C:\Users\shpfs\Desktop\LoLEncourage関連\LoLEncourage\LoLEncourage\LoLEncourage.py changed, reloading.
Watching for file changes with StatReloader
C:\Users\shpfs\Desktop\LoLEncourage関連\LoLEncourage\LoLEncourage\LoLEncourage.py changed, reloading.
Watching for file changes with StatReloader
C:\Users\shpfs\Desktop\LoLEncourage関連\LoLEncourage\LoLEncourage\LoLEncourage.py changed, reloading.
Watching for file changes with StatReloader
C:\Users\shpfs\Desktop\LoLEncourage関連\LoLEncourage\LoLEncourage\LoLEncourage.py changed, reloading.
Watching for file changes with StatReloader
C:\Users\shpfs\Desktop\LoLEncourage関連\LoLEncourage\LoLEncourage\LoLEncourage.py changed, reloading.
Watching for file changes with StatReloader
Watching for file changes with StatReloader
C:\Users\shpfs\Desktop\LoLEncourage関連\LoLEncourage\LoLEncourage\settings.py changed, reloading.
Watching for file changes with StatReloader
Starting new HTTPS connection (1): jp1.api.riotgames.com:443
https://jp1.api.riotgames.com:443 "GET /lol/summoner/v4/summoners/by-name/LUL HTTP/1.1" 200 None
rate limit changed from 0/0s to 20/1s
rate limit changed from 0/0s to 100/120s
rate limit changed from 0/0s to 800/60s
Starting new HTTPS connection (1): asia.api.riotgames.com:443
https://asia.api.riotgames.com:443 "GET /lol/match/v5/matches/by-puuid/pBHVpmq0DLgVJiD_OnQrc1Odq8RIqV5rxlUM387uulnCFn4Dlf9P6oJON_6t0vJZ5xBPVpGiN9GS8g/ids HTTP/1.1" 200 None
rate limit changed from 0/0s to 20/1s
rate limit changed from 0/0s to 100/120s
rate limit changed from 0/0s to 2000/10s
https://asia.api.riotgames.com:443 "GET /lol/match/v5/matches/JP1_424417426 HTTP/1.1" 200 None
rate limit changed from 0/0s to 2000/10s
Internal Server Error: /
Traceback (most recent call last):
  File "c:\Users\shpfs\Desktop\LoLEncourage関連\LoLEncourage\myvenv\Lib\site-packages\django\core\handlers\exception.py", line 55, in inner
    response = get_response(request)
               ^^^^^^^^^^^^^^^^^^^^^
  File "c:\Users\shpfs\Desktop\LoLEncourage関連\LoLEncourage\myvenv\Lib\site-packages\django\core\handlers\base.py", line 197, in _get_response
    response = wrapped_callback(request, *callback_args, **callback_kwargs)
               ^^^^^^^^^^^^^^^^^^^^^^^^^^^^^^^^^^^^^^^^^^^^^^^^^^^^^^^^^^^^
  File "c:\Users\shpfs\Desktop\LoLEncourage関連\LoLEncourage\myvenv\Lib\site-packages\django\utils\decorators.py", line 188, in _view_wrapper
    result = _process_exception(request, e)
             ^^^^^^^^^^^^^^^^^^^^^^^^^^^^^^
  File "c:\Users\shpfs\Desktop\LoLEncourage関連\LoLEncourage\myvenv\Lib\site-packages\django\utils\decorators.py", line 186, in _view_wrapper
    response = view_func(request, *args, **kwargs)
               ^^^^^^^^^^^^^^^^^^^^^^^^^^^^^^^^^^^
  File "C:\Users\shpfs\Desktop\LoLEncourage関連\LoLEncourage\LoLEncourage\views.py", line 24, in view_home
    return render(request, 'result copy.html' , {'data': result_dict})
           ^^^^^^^^^^^^^^^^^^^^^^^^^^^^^^^^^^^^^^^^^^^^^^^^^^^^^^^^^^^
  File "c:\Users\shpfs\Desktop\LoLEncourage関連\LoLEncourage\myvenv\Lib\site-packages\django\shortcuts.py", line 24, in render
    content = loader.render_to_string(template_name, context, request, using=using)
              ^^^^^^^^^^^^^^^^^^^^^^^^^^^^^^^^^^^^^^^^^^^^^^^^^^^^^^^^^^^^^^^^^^^^^
  File "c:\Users\shpfs\Desktop\LoLEncourage関連\LoLEncourage\myvenv\Lib\site-packages\django\template\loader.py", line 61, in render_to_string
    template = get_template(template_name, using=using)
               ^^^^^^^^^^^^^^^^^^^^^^^^^^^^^^^^^^^^^^^^
  File "c:\Users\shpfs\Desktop\LoLEncourage関連\LoLEncourage\myvenv\Lib\site-packages\django\template\loader.py", line 15, in get_template
    return engine.get_template(template_name)
           ^^^^^^^^^^^^^^^^^^^^^^^^^^^^^^^^^^
  File "c:\Users\shpfs\Desktop\LoLEncourage関連\LoLEncourage\myvenv\Lib\site-packages\django\template\backends\django.py", line 33, in get_template
    return Template(self.engine.get_template(template_name), self)
                    ^^^^^^^^^^^^^^^^^^^^^^^^^^^^^^^^^^^^^^^
  File "c:\Users\shpfs\Desktop\LoLEncourage関連\LoLEncourage\myvenv\Lib\site-packages\django\template\engine.py", line 175, in get_template
    template, origin = self.find_template(template_name)
                       ^^^^^^^^^^^^^^^^^^^^^^^^^^^^^^^^^
  File "c:\Users\shpfs\Desktop\LoLEncourage関連\LoLEncourage\myvenv\Lib\site-packages\django\template\engine.py", line 157, in find_template
    template = loader.get_template(name, skip=skip)
               ^^^^^^^^^^^^^^^^^^^^^^^^^^^^^^^^^^^^
  File "c:\Users\shpfs\Desktop\LoLEncourage関連\LoLEncourage\myvenv\Lib\site-packages\django\template\loaders\cached.py", line 57, in get_template
    template = super().get_template(template_name, skip)
               ^^^^^^^^^^^^^^^^^^^^^^^^^^^^^^^^^^^^^^^^^
  File "c:\Users\shpfs\Desktop\LoLEncourage関連\LoLEncourage\myvenv\Lib\site-packages\django\template\loaders\base.py", line 28, in get_template
    return Template(
           ^^^^^^^^^
  File "c:\Users\shpfs\Desktop\LoLEncourage関連\LoLEncourage\myvenv\Lib\site-packages\django\template\base.py", line 154, in __init__
    self.nodelist = self.compile_nodelist()
                    ^^^^^^^^^^^^^^^^^^^^^^^
  File "c:\Users\shpfs\Desktop\LoLEncourage関連\LoLEncourage\myvenv\Lib\site-packages\django\template\base.py", line 196, in compile_nodelist
    return parser.parse()
           ^^^^^^^^^^^^^^
  File "c:\Users\shpfs\Desktop\LoLEncourage関連\LoLEncourage\myvenv\Lib\site-packages\django\template\base.py", line 481, in parse
    raise self.error(token, e)
  File "c:\Users\shpfs\Desktop\LoLEncourage関連\LoLEncourage\myvenv\Lib\site-packages\django\template\base.py", line 479, in parse
    filter_expression = self.compile_filter(token.contents)
                        ^^^^^^^^^^^^^^^^^^^^^^^^^^^^^^^^^^^
  File "c:\Users\shpfs\Desktop\LoLEncourage関連\LoLEncourage\myvenv\Lib\site-packages\django\template\base.py", line 597, in compile_filter
    return FilterExpression(token, self)
           ^^^^^^^^^^^^^^^^^^^^^^^^^^^^^
  File "c:\Users\shpfs\Desktop\LoLEncourage関連\LoLEncourage\myvenv\Lib\site-packages\django\template\base.py", line 698, in __init__
    raise TemplateSyntaxError(
django.template.exceptions.TemplateSyntaxError: Could not parse the remainder: ' data.image_path' from 'static data.image_path'
C:\Users\shpfs\Desktop\LoLEncourage関連\LoLEncourage\LoLEncourage\LoLEncourage.py changed, reloading.
Watching for file changes with StatReloader
Starting new HTTPS connection (1): jp1.api.riotgames.com:443
https://jp1.api.riotgames.com:443 "GET /lol/summoner/v4/summoners/by-name/lul HTTP/1.1" 200 None
rate limit changed from 0/0s to 20/1s
rate limit changed from 0/0s to 100/120s
rate limit changed from 0/0s to 800/60s
Starting new HTTPS connection (1): asia.api.riotgames.com:443
https://asia.api.riotgames.com:443 "GET /lol/match/v5/matches/by-puuid/pBHVpmq0DLgVJiD_OnQrc1Odq8RIqV5rxlUM387uulnCFn4Dlf9P6oJON_6t0vJZ5xBPVpGiN9GS8g/ids HTTP/1.1" 200 None
rate limit changed from 0/0s to 20/1s
rate limit changed from 0/0s to 100/120s
rate limit changed from 0/0s to 2000/10s
https://asia.api.riotgames.com:443 "GET /lol/match/v5/matches/JP1_424417426 HTTP/1.1" 200 None
rate limit changed from 0/0s to 2000/10s
Internal Server Error: /
Traceback (most recent call last):
  File "c:\Users\shpfs\Desktop\LoLEncourage関連\LoLEncourage\myvenv\Lib\site-packages\django\core\handlers\exception.py", line 55, in inner
    response = get_response(request)
               ^^^^^^^^^^^^^^^^^^^^^
  File "c:\Users\shpfs\Desktop\LoLEncourage関連\LoLEncourage\myvenv\Lib\site-packages\django\core\handlers\base.py", line 197, in _get_response
    response = wrapped_callback(request, *callback_args, **callback_kwargs)
               ^^^^^^^^^^^^^^^^^^^^^^^^^^^^^^^^^^^^^^^^^^^^^^^^^^^^^^^^^^^^
  File "c:\Users\shpfs\Desktop\LoLEncourage関連\LoLEncourage\myvenv\Lib\site-packages\django\utils\decorators.py", line 188, in _view_wrapper
    result = _process_exception(request, e)
             ^^^^^^^^^^^^^^^^^^^^^^^^^^^^^^
  File "c:\Users\shpfs\Desktop\LoLEncourage関連\LoLEncourage\myvenv\Lib\site-packages\django\utils\decorators.py", line 186, in _view_wrapper
    response = view_func(request, *args, **kwargs)
               ^^^^^^^^^^^^^^^^^^^^^^^^^^^^^^^^^^^
  File "C:\Users\shpfs\Desktop\LoLEncourage関連\LoLEncourage\LoLEncourage\views.py", line 24, in view_home
    return render(request, 'result copy.html' , {'data': result_dict})
           ^^^^^^^^^^^^^^^^^^^^^^^^^^^^^^^^^^^^^^^^^^^^^^^^^^^^^^^^^^^
  File "c:\Users\shpfs\Desktop\LoLEncourage関連\LoLEncourage\myvenv\Lib\site-packages\django\shortcuts.py", line 24, in render
    content = loader.render_to_string(template_name, context, request, using=using)
              ^^^^^^^^^^^^^^^^^^^^^^^^^^^^^^^^^^^^^^^^^^^^^^^^^^^^^^^^^^^^^^^^^^^^^
  File "c:\Users\shpfs\Desktop\LoLEncourage関連\LoLEncourage\myvenv\Lib\site-packages\django\template\loader.py", line 61, in render_to_string
    template = get_template(template_name, using=using)
               ^^^^^^^^^^^^^^^^^^^^^^^^^^^^^^^^^^^^^^^^
  File "c:\Users\shpfs\Desktop\LoLEncourage関連\LoLEncourage\myvenv\Lib\site-packages\django\template\loader.py", line 15, in get_template
    return engine.get_template(template_name)
           ^^^^^^^^^^^^^^^^^^^^^^^^^^^^^^^^^^
  File "c:\Users\shpfs\Desktop\LoLEncourage関連\LoLEncourage\myvenv\Lib\site-packages\django\template\backends\django.py", line 33, in get_template
    return Template(self.engine.get_template(template_name), self)
                    ^^^^^^^^^^^^^^^^^^^^^^^^^^^^^^^^^^^^^^^
  File "c:\Users\shpfs\Desktop\LoLEncourage関連\LoLEncourage\myvenv\Lib\site-packages\django\template\engine.py", line 175, in get_template
    template, origin = self.find_template(template_name)
                       ^^^^^^^^^^^^^^^^^^^^^^^^^^^^^^^^^
  File "c:\Users\shpfs\Desktop\LoLEncourage関連\LoLEncourage\myvenv\Lib\site-packages\django\template\engine.py", line 157, in find_template
    template = loader.get_template(name, skip=skip)
               ^^^^^^^^^^^^^^^^^^^^^^^^^^^^^^^^^^^^
  File "c:\Users\shpfs\Desktop\LoLEncourage関連\LoLEncourage\myvenv\Lib\site-packages\django\template\loaders\cached.py", line 57, in get_template
    template = super().get_template(template_name, skip)
               ^^^^^^^^^^^^^^^^^^^^^^^^^^^^^^^^^^^^^^^^^
  File "c:\Users\shpfs\Desktop\LoLEncourage関連\LoLEncourage\myvenv\Lib\site-packages\django\template\loaders\base.py", line 28, in get_template
    return Template(
           ^^^^^^^^^
  File "c:\Users\shpfs\Desktop\LoLEncourage関連\LoLEncourage\myvenv\Lib\site-packages\django\template\base.py", line 154, in __init__
    self.nodelist = self.compile_nodelist()
                    ^^^^^^^^^^^^^^^^^^^^^^^
  File "c:\Users\shpfs\Desktop\LoLEncourage関連\LoLEncourage\myvenv\Lib\site-packages\django\template\base.py", line 196, in compile_nodelist
    return parser.parse()
           ^^^^^^^^^^^^^^
  File "c:\Users\shpfs\Desktop\LoLEncourage関連\LoLEncourage\myvenv\Lib\site-packages\django\template\base.py", line 481, in parse
    raise self.error(token, e)
  File "c:\Users\shpfs\Desktop\LoLEncourage関連\LoLEncourage\myvenv\Lib\site-packages\django\template\base.py", line 479, in parse
    filter_expression = self.compile_filter(token.contents)
                        ^^^^^^^^^^^^^^^^^^^^^^^^^^^^^^^^^^^
  File "c:\Users\shpfs\Desktop\LoLEncourage関連\LoLEncourage\myvenv\Lib\site-packages\django\template\base.py", line 597, in compile_filter
    return FilterExpression(token, self)
           ^^^^^^^^^^^^^^^^^^^^^^^^^^^^^
  File "c:\Users\shpfs\Desktop\LoLEncourage関連\LoLEncourage\myvenv\Lib\site-packages\django\template\base.py", line 698, in __init__
    raise TemplateSyntaxError(
django.template.exceptions.TemplateSyntaxError: Could not parse the remainder: ' data.image_path' from 'static data.image_path'
C:\Users\shpfs\Desktop\LoLEncourage関連\LoLEncourage\LoLEncourage\LoLEncourage.py changed, reloading.
Watching for file changes with StatReloader
C:\Users\shpfs\Desktop\LoLEncourage関連\LoLEncourage\LoLEncourage\LoLEncourage.py changed, reloading.
Watching for file changes with StatReloader
Starting new HTTPS connection (1): jp1.api.riotgames.com:443
https://jp1.api.riotgames.com:443 "GET /lol/summoner/v4/summoners/by-name/lul HTTP/1.1" 200 None
rate limit changed from 0/0s to 20/1s
rate limit changed from 0/0s to 100/120s
rate limit changed from 0/0s to 800/60s
Starting new HTTPS connection (1): asia.api.riotgames.com:443
https://asia.api.riotgames.com:443 "GET /lol/match/v5/matches/by-puuid/pBHVpmq0DLgVJiD_OnQrc1Odq8RIqV5rxlUM387uulnCFn4Dlf9P6oJON_6t0vJZ5xBPVpGiN9GS8g/ids HTTP/1.1" 200 None
rate limit changed from 0/0s to 20/1s
rate limit changed from 0/0s to 100/120s
rate limit changed from 0/0s to 2000/10s
https://asia.api.riotgames.com:443 "GET /lol/match/v5/matches/JP1_424417426 HTTP/1.1" 200 None
rate limit changed from 0/0s to 2000/10s
Internal Server Error: /
Traceback (most recent call last):
  File "c:\Users\shpfs\Desktop\LoLEncourage関連\LoLEncourage\myvenv\Lib\site-packages\django\core\handlers\exception.py", line 55, in inner
    response = get_response(request)
               ^^^^^^^^^^^^^^^^^^^^^
  File "c:\Users\shpfs\Desktop\LoLEncourage関連\LoLEncourage\myvenv\Lib\site-packages\django\core\handlers\base.py", line 197, in _get_response
    response = wrapped_callback(request, *callback_args, **callback_kwargs)
               ^^^^^^^^^^^^^^^^^^^^^^^^^^^^^^^^^^^^^^^^^^^^^^^^^^^^^^^^^^^^
  File "c:\Users\shpfs\Desktop\LoLEncourage関連\LoLEncourage\myvenv\Lib\site-packages\django\utils\decorators.py", line 188, in _view_wrapper
    result = _process_exception(request, e)
             ^^^^^^^^^^^^^^^^^^^^^^^^^^^^^^
  File "c:\Users\shpfs\Desktop\LoLEncourage関連\LoLEncourage\myvenv\Lib\site-packages\django\utils\decorators.py", line 186, in _view_wrapper
    response = view_func(request, *args, **kwargs)
               ^^^^^^^^^^^^^^^^^^^^^^^^^^^^^^^^^^^
  File "C:\Users\shpfs\Desktop\LoLEncourage関連\LoLEncourage\LoLEncourage\views.py", line 24, in view_home
    return render(request, 'result copy.html' , {'data': result_dict})
           ^^^^^^^^^^^^^^^^^^^^^^^^^^^^^^^^^^^^^^^^^^^^^^^^^^^^^^^^^^^
  File "c:\Users\shpfs\Desktop\LoLEncourage関連\LoLEncourage\myvenv\Lib\site-packages\django\shortcuts.py", line 24, in render
    content = loader.render_to_string(template_name, context, request, using=using)
              ^^^^^^^^^^^^^^^^^^^^^^^^^^^^^^^^^^^^^^^^^^^^^^^^^^^^^^^^^^^^^^^^^^^^^
  File "c:\Users\shpfs\Desktop\LoLEncourage関連\LoLEncourage\myvenv\Lib\site-packages\django\template\loader.py", line 61, in render_to_string
    template = get_template(template_name, using=using)
               ^^^^^^^^^^^^^^^^^^^^^^^^^^^^^^^^^^^^^^^^
  File "c:\Users\shpfs\Desktop\LoLEncourage関連\LoLEncourage\myvenv\Lib\site-packages\django\template\loader.py", line 15, in get_template
    return engine.get_template(template_name)
           ^^^^^^^^^^^^^^^^^^^^^^^^^^^^^^^^^^
  File "c:\Users\shpfs\Desktop\LoLEncourage関連\LoLEncourage\myvenv\Lib\site-packages\django\template\backends\django.py", line 33, in get_template
    return Template(self.engine.get_template(template_name), self)
                    ^^^^^^^^^^^^^^^^^^^^^^^^^^^^^^^^^^^^^^^
  File "c:\Users\shpfs\Desktop\LoLEncourage関連\LoLEncourage\myvenv\Lib\site-packages\django\template\engine.py", line 175, in get_template
    template, origin = self.find_template(template_name)
                       ^^^^^^^^^^^^^^^^^^^^^^^^^^^^^^^^^
  File "c:\Users\shpfs\Desktop\LoLEncourage関連\LoLEncourage\myvenv\Lib\site-packages\django\template\engine.py", line 157, in find_template
    template = loader.get_template(name, skip=skip)
               ^^^^^^^^^^^^^^^^^^^^^^^^^^^^^^^^^^^^
  File "c:\Users\shpfs\Desktop\LoLEncourage関連\LoLEncourage\myvenv\Lib\site-packages\django\template\loaders\cached.py", line 57, in get_template
    template = super().get_template(template_name, skip)
               ^^^^^^^^^^^^^^^^^^^^^^^^^^^^^^^^^^^^^^^^^
  File "c:\Users\shpfs\Desktop\LoLEncourage関連\LoLEncourage\myvenv\Lib\site-packages\django\template\loaders\base.py", line 28, in get_template
    return Template(
           ^^^^^^^^^
  File "c:\Users\shpfs\Desktop\LoLEncourage関連\LoLEncourage\myvenv\Lib\site-packages\django\template\base.py", line 154, in __init__
    self.nodelist = self.compile_nodelist()
                    ^^^^^^^^^^^^^^^^^^^^^^^
  File "c:\Users\shpfs\Desktop\LoLEncourage関連\LoLEncourage\myvenv\Lib\site-packages\django\template\base.py", line 196, in compile_nodelist
    return parser.parse()
           ^^^^^^^^^^^^^^
  File "c:\Users\shpfs\Desktop\LoLEncourage関連\LoLEncourage\myvenv\Lib\site-packages\django\template\base.py", line 481, in parse
    raise self.error(token, e)
  File "c:\Users\shpfs\Desktop\LoLEncourage関連\LoLEncourage\myvenv\Lib\site-packages\django\template\base.py", line 479, in parse
    filter_expression = self.compile_filter(token.contents)
                        ^^^^^^^^^^^^^^^^^^^^^^^^^^^^^^^^^^^
  File "c:\Users\shpfs\Desktop\LoLEncourage関連\LoLEncourage\myvenv\Lib\site-packages\django\template\base.py", line 597, in compile_filter
    return FilterExpression(token, self)
           ^^^^^^^^^^^^^^^^^^^^^^^^^^^^^
  File "c:\Users\shpfs\Desktop\LoLEncourage関連\LoLEncourage\myvenv\Lib\site-packages\django\template\base.py", line 698, in __init__
    raise TemplateSyntaxError(
django.template.exceptions.TemplateSyntaxError: Could not parse the remainder: ' data.image_path' from 'static data.image_path'
C:\Users\shpfs\Desktop\LoLEncourage関連\LoLEncourage\LoLEncourage\LoLEncourage.py changed, reloading.
Watching for file changes with StatReloader
C:\Users\shpfs\Desktop\LoLEncourage関連\LoLEncourage\LoLEncourage\LoLEncourage.py changed, reloading.
Watching for file changes with StatReloader
C:\Users\shpfs\Desktop\LoLEncourage関連\LoLEncourage\LoLEncourage\LoLEncourage.py changed, reloading.
Watching for file changes with StatReloader
C:\Users\shpfs\Desktop\LoLEncourage関連\LoLEncourage\LoLEncourage\LoLEncourage.py changed, reloading.
Watching for file changes with StatReloader
C:\Users\shpfs\Desktop\LoLEncourage関連\LoLEncourage\LoLEncourage\LoLEncourage.py changed, reloading.
Watching for file changes with StatReloader
Watching for file changes with StatReloader
Starting new HTTPS connection (1): jp1.api.riotgames.com:443
https://jp1.api.riotgames.com:443 "GET /lol/summoner/v4/summoners/by-name/lul HTTP/1.1" 200 None
rate limit changed from 0/0s to 20/1s
rate limit changed from 0/0s to 100/120s
rate limit changed from 0/0s to 800/60s
Starting new HTTPS connection (1): asia.api.riotgames.com:443
https://asia.api.riotgames.com:443 "GET /lol/match/v5/matches/by-puuid/pBHVpmq0DLgVJiD_OnQrc1Odq8RIqV5rxlUM387uulnCFn4Dlf9P6oJON_6t0vJZ5xBPVpGiN9GS8g/ids HTTP/1.1" 200 None
rate limit changed from 0/0s to 20/1s
rate limit changed from 0/0s to 100/120s
rate limit changed from 0/0s to 2000/10s
https://asia.api.riotgames.com:443 "GET /lol/match/v5/matches/JP1_424417426 HTTP/1.1" 200 None
rate limit changed from 0/0s to 2000/10s
Internal Server Error: /
Traceback (most recent call last):
  File "c:\Users\shpfs\Desktop\LoLEncourage関連\LoLEncourage\myvenv\Lib\site-packages\django\core\handlers\exception.py", line 55, in inner
    response = get_response(request)
               ^^^^^^^^^^^^^^^^^^^^^
  File "c:\Users\shpfs\Desktop\LoLEncourage関連\LoLEncourage\myvenv\Lib\site-packages\django\core\handlers\base.py", line 197, in _get_response
    response = wrapped_callback(request, *callback_args, **callback_kwargs)
               ^^^^^^^^^^^^^^^^^^^^^^^^^^^^^^^^^^^^^^^^^^^^^^^^^^^^^^^^^^^^
  File "c:\Users\shpfs\Desktop\LoLEncourage関連\LoLEncourage\myvenv\Lib\site-packages\django\utils\decorators.py", line 188, in _view_wrapper
    result = _process_exception(request, e)
             ^^^^^^^^^^^^^^^^^^^^^^^^^^^^^^
  File "c:\Users\shpfs\Desktop\LoLEncourage関連\LoLEncourage\myvenv\Lib\site-packages\django\utils\decorators.py", line 186, in _view_wrapper
    response = view_func(request, *args, **kwargs)
               ^^^^^^^^^^^^^^^^^^^^^^^^^^^^^^^^^^^
  File "C:\Users\shpfs\Desktop\LoLEncourage関連\LoLEncourage\LoLEncourage\views.py", line 24, in view_home
    return render(request, 'result copy.html' , {'data': result_dict})
           ^^^^^^^^^^^^^^^^^^^^^^^^^^^^^^^^^^^^^^^^^^^^^^^^^^^^^^^^^^^
  File "c:\Users\shpfs\Desktop\LoLEncourage関連\LoLEncourage\myvenv\Lib\site-packages\django\shortcuts.py", line 24, in render
    content = loader.render_to_string(template_name, context, request, using=using)
              ^^^^^^^^^^^^^^^^^^^^^^^^^^^^^^^^^^^^^^^^^^^^^^^^^^^^^^^^^^^^^^^^^^^^^
  File "c:\Users\shpfs\Desktop\LoLEncourage関連\LoLEncourage\myvenv\Lib\site-packages\django\template\loader.py", line 61, in render_to_string
    template = get_template(template_name, using=using)
               ^^^^^^^^^^^^^^^^^^^^^^^^^^^^^^^^^^^^^^^^
  File "c:\Users\shpfs\Desktop\LoLEncourage関連\LoLEncourage\myvenv\Lib\site-packages\django\template\loader.py", line 15, in get_template
    return engine.get_template(template_name)
           ^^^^^^^^^^^^^^^^^^^^^^^^^^^^^^^^^^
  File "c:\Users\shpfs\Desktop\LoLEncourage関連\LoLEncourage\myvenv\Lib\site-packages\django\template\backends\django.py", line 33, in get_template
    return Template(self.engine.get_template(template_name), self)
                    ^^^^^^^^^^^^^^^^^^^^^^^^^^^^^^^^^^^^^^^
  File "c:\Users\shpfs\Desktop\LoLEncourage関連\LoLEncourage\myvenv\Lib\site-packages\django\template\engine.py", line 175, in get_template
    template, origin = self.find_template(template_name)
                       ^^^^^^^^^^^^^^^^^^^^^^^^^^^^^^^^^
  File "c:\Users\shpfs\Desktop\LoLEncourage関連\LoLEncourage\myvenv\Lib\site-packages\django\template\engine.py", line 157, in find_template
    template = loader.get_template(name, skip=skip)
               ^^^^^^^^^^^^^^^^^^^^^^^^^^^^^^^^^^^^
  File "c:\Users\shpfs\Desktop\LoLEncourage関連\LoLEncourage\myvenv\Lib\site-packages\django\template\loaders\cached.py", line 57, in get_template
    template = super().get_template(template_name, skip)
               ^^^^^^^^^^^^^^^^^^^^^^^^^^^^^^^^^^^^^^^^^
  File "c:\Users\shpfs\Desktop\LoLEncourage関連\LoLEncourage\myvenv\Lib\site-packages\django\template\loaders\base.py", line 28, in get_template
    return Template(
           ^^^^^^^^^
  File "c:\Users\shpfs\Desktop\LoLEncourage関連\LoLEncourage\myvenv\Lib\site-packages\django\template\base.py", line 154, in __init__
    self.nodelist = self.compile_nodelist()
                    ^^^^^^^^^^^^^^^^^^^^^^^
  File "c:\Users\shpfs\Desktop\LoLEncourage関連\LoLEncourage\myvenv\Lib\site-packages\django\template\base.py", line 196, in compile_nodelist
    return parser.parse()
           ^^^^^^^^^^^^^^
  File "c:\Users\shpfs\Desktop\LoLEncourage関連\LoLEncourage\myvenv\Lib\site-packages\django\template\base.py", line 481, in parse
    raise self.error(token, e)
  File "c:\Users\shpfs\Desktop\LoLEncourage関連\LoLEncourage\myvenv\Lib\site-packages\django\template\base.py", line 479, in parse
    filter_expression = self.compile_filter(token.contents)
                        ^^^^^^^^^^^^^^^^^^^^^^^^^^^^^^^^^^^
  File "c:\Users\shpfs\Desktop\LoLEncourage関連\LoLEncourage\myvenv\Lib\site-packages\django\template\base.py", line 597, in compile_filter
    return FilterExpression(token, self)
           ^^^^^^^^^^^^^^^^^^^^^^^^^^^^^
  File "c:\Users\shpfs\Desktop\LoLEncourage関連\LoLEncourage\myvenv\Lib\site-packages\django\template\base.py", line 698, in __init__
    raise TemplateSyntaxError(
django.template.exceptions.TemplateSyntaxError: Could not parse the remainder: ' data.image_path' from 'static data.image_path'
Watching for file changes with StatReloader
Starting new HTTPS connection (1): jp1.api.riotgames.com:443
https://jp1.api.riotgames.com:443 "GET /lol/summoner/v4/summoners/by-name/lul HTTP/1.1" 200 None
rate limit changed from 0/0s to 20/1s
rate limit changed from 0/0s to 100/120s
rate limit changed from 0/0s to 800/60s
Starting new HTTPS connection (1): asia.api.riotgames.com:443
https://asia.api.riotgames.com:443 "GET /lol/match/v5/matches/by-puuid/pBHVpmq0DLgVJiD_OnQrc1Odq8RIqV5rxlUM387uulnCFn4Dlf9P6oJON_6t0vJZ5xBPVpGiN9GS8g/ids HTTP/1.1" 200 None
rate limit changed from 0/0s to 20/1s
rate limit changed from 0/0s to 100/120s
rate limit changed from 0/0s to 2000/10s
https://asia.api.riotgames.com:443 "GET /lol/match/v5/matches/JP1_424417426 HTTP/1.1" 200 None
rate limit changed from 0/0s to 2000/10s
Internal Server Error: /
Traceback (most recent call last):
  File "c:\Users\shpfs\Desktop\LoLEncourage関連\LoLEncourage\myvenv\Lib\site-packages\django\core\handlers\exception.py", line 55, in inner
    response = get_response(request)
               ^^^^^^^^^^^^^^^^^^^^^
  File "c:\Users\shpfs\Desktop\LoLEncourage関連\LoLEncourage\myvenv\Lib\site-packages\django\core\handlers\base.py", line 197, in _get_response
    response = wrapped_callback(request, *callback_args, **callback_kwargs)
               ^^^^^^^^^^^^^^^^^^^^^^^^^^^^^^^^^^^^^^^^^^^^^^^^^^^^^^^^^^^^
  File "c:\Users\shpfs\Desktop\LoLEncourage関連\LoLEncourage\myvenv\Lib\site-packages\django\utils\decorators.py", line 188, in _view_wrapper
    result = _process_exception(request, e)
             ^^^^^^^^^^^^^^^^^^^^^^^^^^^^^^
  File "c:\Users\shpfs\Desktop\LoLEncourage関連\LoLEncourage\myvenv\Lib\site-packages\django\utils\decorators.py", line 186, in _view_wrapper
    response = view_func(request, *args, **kwargs)
               ^^^^^^^^^^^^^^^^^^^^^^^^^^^^^^^^^^^
  File "C:\Users\shpfs\Desktop\LoLEncourage関連\LoLEncourage\LoLEncourage\views.py", line 24, in view_home
    return render(request, 'result copy.html' , {'data': result_dict})
           ^^^^^^^^^^^^^^^^^^^^^^^^^^^^^^^^^^^^^^^^^^^^^^^^^^^^^^^^^^^
  File "c:\Users\shpfs\Desktop\LoLEncourage関連\LoLEncourage\myvenv\Lib\site-packages\django\shortcuts.py", line 24, in render
    content = loader.render_to_string(template_name, context, request, using=using)
              ^^^^^^^^^^^^^^^^^^^^^^^^^^^^^^^^^^^^^^^^^^^^^^^^^^^^^^^^^^^^^^^^^^^^^
  File "c:\Users\shpfs\Desktop\LoLEncourage関連\LoLEncourage\myvenv\Lib\site-packages\django\template\loader.py", line 61, in render_to_string
    template = get_template(template_name, using=using)
               ^^^^^^^^^^^^^^^^^^^^^^^^^^^^^^^^^^^^^^^^
  File "c:\Users\shpfs\Desktop\LoLEncourage関連\LoLEncourage\myvenv\Lib\site-packages\django\template\loader.py", line 15, in get_template
    return engine.get_template(template_name)
           ^^^^^^^^^^^^^^^^^^^^^^^^^^^^^^^^^^
  File "c:\Users\shpfs\Desktop\LoLEncourage関連\LoLEncourage\myvenv\Lib\site-packages\django\template\backends\django.py", line 33, in get_template
    return Template(self.engine.get_template(template_name), self)
                    ^^^^^^^^^^^^^^^^^^^^^^^^^^^^^^^^^^^^^^^
  File "c:\Users\shpfs\Desktop\LoLEncourage関連\LoLEncourage\myvenv\Lib\site-packages\django\template\engine.py", line 175, in get_template
    template, origin = self.find_template(template_name)
                       ^^^^^^^^^^^^^^^^^^^^^^^^^^^^^^^^^
  File "c:\Users\shpfs\Desktop\LoLEncourage関連\LoLEncourage\myvenv\Lib\site-packages\django\template\engine.py", line 157, in find_template
    template = loader.get_template(name, skip=skip)
               ^^^^^^^^^^^^^^^^^^^^^^^^^^^^^^^^^^^^
  File "c:\Users\shpfs\Desktop\LoLEncourage関連\LoLEncourage\myvenv\Lib\site-packages\django\template\loaders\cached.py", line 57, in get_template
    template = super().get_template(template_name, skip)
               ^^^^^^^^^^^^^^^^^^^^^^^^^^^^^^^^^^^^^^^^^
  File "c:\Users\shpfs\Desktop\LoLEncourage関連\LoLEncourage\myvenv\Lib\site-packages\django\template\loaders\base.py", line 28, in get_template
    return Template(
           ^^^^^^^^^
  File "c:\Users\shpfs\Desktop\LoLEncourage関連\LoLEncourage\myvenv\Lib\site-packages\django\template\base.py", line 154, in __init__
    self.nodelist = self.compile_nodelist()
                    ^^^^^^^^^^^^^^^^^^^^^^^
  File "c:\Users\shpfs\Desktop\LoLEncourage関連\LoLEncourage\myvenv\Lib\site-packages\django\template\base.py", line 196, in compile_nodelist
    return parser.parse()
           ^^^^^^^^^^^^^^
  File "c:\Users\shpfs\Desktop\LoLEncourage関連\LoLEncourage\myvenv\Lib\site-packages\django\template\base.py", line 481, in parse
    raise self.error(token, e)
  File "c:\Users\shpfs\Desktop\LoLEncourage関連\LoLEncourage\myvenv\Lib\site-packages\django\template\base.py", line 479, in parse
    filter_expression = self.compile_filter(token.contents)
                        ^^^^^^^^^^^^^^^^^^^^^^^^^^^^^^^^^^^
  File "c:\Users\shpfs\Desktop\LoLEncourage関連\LoLEncourage\myvenv\Lib\site-packages\django\template\base.py", line 597, in compile_filter
    return FilterExpression(token, self)
           ^^^^^^^^^^^^^^^^^^^^^^^^^^^^^
  File "c:\Users\shpfs\Desktop\LoLEncourage関連\LoLEncourage\myvenv\Lib\site-packages\django\template\base.py", line 698, in __init__
    raise TemplateSyntaxError(
django.template.exceptions.TemplateSyntaxError: Could not parse the remainder: ' data.image_path' from 'static data.image_path'
Not Found: /favicon.ico
Watching for file changes with StatReloader
Starting new HTTPS connection (1): jp1.api.riotgames.com:443
https://jp1.api.riotgames.com:443 "GET /lol/summoner/v4/summoners/by-name/lul HTTP/1.1" 200 None
rate limit changed from 0/0s to 20/1s
rate limit changed from 0/0s to 100/120s
rate limit changed from 0/0s to 800/60s
Starting new HTTPS connection (1): asia.api.riotgames.com:443
https://asia.api.riotgames.com:443 "GET /lol/match/v5/matches/by-puuid/pBHVpmq0DLgVJiD_OnQrc1Odq8RIqV5rxlUM387uulnCFn4Dlf9P6oJON_6t0vJZ5xBPVpGiN9GS8g/ids HTTP/1.1" 200 None
rate limit changed from 0/0s to 20/1s
rate limit changed from 0/0s to 100/120s
rate limit changed from 0/0s to 2000/10s
https://asia.api.riotgames.com:443 "GET /lol/match/v5/matches/JP1_424417426 HTTP/1.1" 200 None
rate limit changed from 0/0s to 2000/10s
Watching for file changes with StatReloader
Starting new HTTPS connection (1): jp1.api.riotgames.com:443
https://jp1.api.riotgames.com:443 "GET /lol/summoner/v4/summoners/by-name/lul HTTP/1.1" 200 None
rate limit changed from 0/0s to 20/1s
rate limit changed from 0/0s to 100/120s
rate limit changed from 0/0s to 800/60s
Starting new HTTPS connection (1): asia.api.riotgames.com:443
https://asia.api.riotgames.com:443 "GET /lol/match/v5/matches/by-puuid/pBHVpmq0DLgVJiD_OnQrc1Odq8RIqV5rxlUM387uulnCFn4Dlf9P6oJON_6t0vJZ5xBPVpGiN9GS8g/ids HTTP/1.1" 200 None
rate limit changed from 0/0s to 20/1s
rate limit changed from 0/0s to 100/120s
rate limit changed from 0/0s to 2000/10s
https://asia.api.riotgames.com:443 "GET /lol/match/v5/matches/JP1_424417426 HTTP/1.1" 200 None
rate limit changed from 0/0s to 2000/10s
Not Found: /favicon.ico
Watching for file changes with StatReloader
Starting new HTTPS connection (1): jp1.api.riotgames.com:443
https://jp1.api.riotgames.com:443 "GET /lol/summoner/v4/summoners/by-name/lul HTTP/1.1" 200 None
rate limit changed from 0/0s to 20/1s
rate limit changed from 0/0s to 100/120s
rate limit changed from 0/0s to 800/60s
Starting new HTTPS connection (1): asia.api.riotgames.com:443
https://asia.api.riotgames.com:443 "GET /lol/match/v5/matches/by-puuid/pBHVpmq0DLgVJiD_OnQrc1Odq8RIqV5rxlUM387uulnCFn4Dlf9P6oJON_6t0vJZ5xBPVpGiN9GS8g/ids HTTP/1.1" 200 None
rate limit changed from 0/0s to 20/1s
rate limit changed from 0/0s to 100/120s
rate limit changed from 0/0s to 2000/10s
https://asia.api.riotgames.com:443 "GET /lol/match/v5/matches/JP1_424417426 HTTP/1.1" 200 None
rate limit changed from 0/0s to 2000/10s
Internal Server Error: /
Traceback (most recent call last):
  File "c:\Users\shpfs\Desktop\LoLEncourage関連\LoLEncourage\myvenv\Lib\site-packages\django\template\base.py", line 502, in parse
    compile_func = self.tags[command]
                   ~~~~~~~~~^^^^^^^^^
KeyError: 'data.image_path'

During handling of the above exception, another exception occurred:

Traceback (most recent call last):
  File "c:\Users\shpfs\Desktop\LoLEncourage関連\LoLEncourage\myvenv\Lib\site-packages\django\core\handlers\exception.py", line 55, in inner
    response = get_response(request)
               ^^^^^^^^^^^^^^^^^^^^^
  File "c:\Users\shpfs\Desktop\LoLEncourage関連\LoLEncourage\myvenv\Lib\site-packages\django\core\handlers\base.py", line 197, in _get_response
    response = wrapped_callback(request, *callback_args, **callback_kwargs)
               ^^^^^^^^^^^^^^^^^^^^^^^^^^^^^^^^^^^^^^^^^^^^^^^^^^^^^^^^^^^^
  File "c:\Users\shpfs\Desktop\LoLEncourage関連\LoLEncourage\myvenv\Lib\site-packages\django\utils\decorators.py", line 188, in _view_wrapper
    result = _process_exception(request, e)
             ^^^^^^^^^^^^^^^^^^^^^^^^^^^^^^
  File "c:\Users\shpfs\Desktop\LoLEncourage関連\LoLEncourage\myvenv\Lib\site-packages\django\utils\decorators.py", line 186, in _view_wrapper
    response = view_func(request, *args, **kwargs)
               ^^^^^^^^^^^^^^^^^^^^^^^^^^^^^^^^^^^
  File "C:\Users\shpfs\Desktop\LoLEncourage関連\LoLEncourage\LoLEncourage\views.py", line 24, in view_home
    return render(request, 'result copy.html' , {'data': result_dict})
           ^^^^^^^^^^^^^^^^^^^^^^^^^^^^^^^^^^^^^^^^^^^^^^^^^^^^^^^^^^^
  File "c:\Users\shpfs\Desktop\LoLEncourage関連\LoLEncourage\myvenv\Lib\site-packages\django\shortcuts.py", line 24, in render
    content = loader.render_to_string(template_name, context, request, using=using)
              ^^^^^^^^^^^^^^^^^^^^^^^^^^^^^^^^^^^^^^^^^^^^^^^^^^^^^^^^^^^^^^^^^^^^^
  File "c:\Users\shpfs\Desktop\LoLEncourage関連\LoLEncourage\myvenv\Lib\site-packages\django\template\loader.py", line 61, in render_to_string
    template = get_template(template_name, using=using)
               ^^^^^^^^^^^^^^^^^^^^^^^^^^^^^^^^^^^^^^^^
  File "c:\Users\shpfs\Desktop\LoLEncourage関連\LoLEncourage\myvenv\Lib\site-packages\django\template\loader.py", line 15, in get_template
    return engine.get_template(template_name)
           ^^^^^^^^^^^^^^^^^^^^^^^^^^^^^^^^^^
  File "c:\Users\shpfs\Desktop\LoLEncourage関連\LoLEncourage\myvenv\Lib\site-packages\django\template\backends\django.py", line 33, in get_template
    return Template(self.engine.get_template(template_name), self)
                    ^^^^^^^^^^^^^^^^^^^^^^^^^^^^^^^^^^^^^^^
  File "c:\Users\shpfs\Desktop\LoLEncourage関連\LoLEncourage\myvenv\Lib\site-packages\django\template\engine.py", line 175, in get_template
    template, origin = self.find_template(template_name)
                       ^^^^^^^^^^^^^^^^^^^^^^^^^^^^^^^^^
  File "c:\Users\shpfs\Desktop\LoLEncourage関連\LoLEncourage\myvenv\Lib\site-packages\django\template\engine.py", line 157, in find_template
    template = loader.get_template(name, skip=skip)
               ^^^^^^^^^^^^^^^^^^^^^^^^^^^^^^^^^^^^
  File "c:\Users\shpfs\Desktop\LoLEncourage関連\LoLEncourage\myvenv\Lib\site-packages\django\template\loaders\cached.py", line 57, in get_template
    template = super().get_template(template_name, skip)
               ^^^^^^^^^^^^^^^^^^^^^^^^^^^^^^^^^^^^^^^^^
  File "c:\Users\shpfs\Desktop\LoLEncourage関連\LoLEncourage\myvenv\Lib\site-packages\django\template\loaders\base.py", line 28, in get_template
    return Template(
           ^^^^^^^^^
  File "c:\Users\shpfs\Desktop\LoLEncourage関連\LoLEncourage\myvenv\Lib\site-packages\django\template\base.py", line 154, in __init__
    self.nodelist = self.compile_nodelist()
                    ^^^^^^^^^^^^^^^^^^^^^^^
  File "c:\Users\shpfs\Desktop\LoLEncourage関連\LoLEncourage\myvenv\Lib\site-packages\django\template\base.py", line 196, in compile_nodelist
    return parser.parse()
           ^^^^^^^^^^^^^^
  File "c:\Users\shpfs\Desktop\LoLEncourage関連\LoLEncourage\myvenv\Lib\site-packages\django\template\base.py", line 504, in parse
    self.invalid_block_tag(token, command, parse_until)
  File "c:\Users\shpfs\Desktop\LoLEncourage関連\LoLEncourage\myvenv\Lib\site-packages\django\template\base.py", line 565, in invalid_block_tag
    raise self.error(
django.template.exceptions.TemplateSyntaxError: Invalid block tag on line 16: 'data.image_path'. Did you forget to register or load this tag?
Not Found: /favicon.ico
Watching for file changes with StatReloader
Starting new HTTPS connection (1): jp1.api.riotgames.com:443
https://jp1.api.riotgames.com:443 "GET /lol/summoner/v4/summoners/by-name/lul HTTP/1.1" 200 None
rate limit changed from 0/0s to 20/1s
rate limit changed from 0/0s to 100/120s
rate limit changed from 0/0s to 800/60s
Starting new HTTPS connection (1): asia.api.riotgames.com:443
https://asia.api.riotgames.com:443 "GET /lol/match/v5/matches/by-puuid/pBHVpmq0DLgVJiD_OnQrc1Odq8RIqV5rxlUM387uulnCFn4Dlf9P6oJON_6t0vJZ5xBPVpGiN9GS8g/ids HTTP/1.1" 200 None
rate limit changed from 0/0s to 20/1s
rate limit changed from 0/0s to 100/120s
rate limit changed from 0/0s to 2000/10s
https://asia.api.riotgames.com:443 "GET /lol/match/v5/matches/JP1_424417426 HTTP/1.1" 200 None
rate limit changed from 0/0s to 2000/10s
Internal Server Error: /
Traceback (most recent call last):
  File "c:\Users\shpfs\Desktop\LoLEncourage関連\LoLEncourage\myvenv\Lib\site-packages\django\template\base.py", line 502, in parse
    compile_func = self.tags[command]
                   ~~~~~~~~~^^^^^^^^^
KeyError: 'data.image_path'

During handling of the above exception, another exception occurred:

Traceback (most recent call last):
  File "c:\Users\shpfs\Desktop\LoLEncourage関連\LoLEncourage\myvenv\Lib\site-packages\django\core\handlers\exception.py", line 55, in inner
    response = get_response(request)
               ^^^^^^^^^^^^^^^^^^^^^
  File "c:\Users\shpfs\Desktop\LoLEncourage関連\LoLEncourage\myvenv\Lib\site-packages\django\core\handlers\base.py", line 197, in _get_response
    response = wrapped_callback(request, *callback_args, **callback_kwargs)
               ^^^^^^^^^^^^^^^^^^^^^^^^^^^^^^^^^^^^^^^^^^^^^^^^^^^^^^^^^^^^
  File "c:\Users\shpfs\Desktop\LoLEncourage関連\LoLEncourage\myvenv\Lib\site-packages\django\utils\decorators.py", line 188, in _view_wrapper
    result = _process_exception(request, e)
             ^^^^^^^^^^^^^^^^^^^^^^^^^^^^^^
  File "c:\Users\shpfs\Desktop\LoLEncourage関連\LoLEncourage\myvenv\Lib\site-packages\django\utils\decorators.py", line 186, in _view_wrapper
    response = view_func(request, *args, **kwargs)
               ^^^^^^^^^^^^^^^^^^^^^^^^^^^^^^^^^^^
  File "C:\Users\shpfs\Desktop\LoLEncourage関連\LoLEncourage\LoLEncourage\views.py", line 24, in view_home
    return render(request, 'result copy.html' , {'data': result_dict})
           ^^^^^^^^^^^^^^^^^^^^^^^^^^^^^^^^^^^^^^^^^^^^^^^^^^^^^^^^^^^
  File "c:\Users\shpfs\Desktop\LoLEncourage関連\LoLEncourage\myvenv\Lib\site-packages\django\shortcuts.py", line 24, in render
    content = loader.render_to_string(template_name, context, request, using=using)
              ^^^^^^^^^^^^^^^^^^^^^^^^^^^^^^^^^^^^^^^^^^^^^^^^^^^^^^^^^^^^^^^^^^^^^
  File "c:\Users\shpfs\Desktop\LoLEncourage関連\LoLEncourage\myvenv\Lib\site-packages\django\template\loader.py", line 61, in render_to_string
    template = get_template(template_name, using=using)
               ^^^^^^^^^^^^^^^^^^^^^^^^^^^^^^^^^^^^^^^^
  File "c:\Users\shpfs\Desktop\LoLEncourage関連\LoLEncourage\myvenv\Lib\site-packages\django\template\loader.py", line 15, in get_template
    return engine.get_template(template_name)
           ^^^^^^^^^^^^^^^^^^^^^^^^^^^^^^^^^^
  File "c:\Users\shpfs\Desktop\LoLEncourage関連\LoLEncourage\myvenv\Lib\site-packages\django\template\backends\django.py", line 33, in get_template
    return Template(self.engine.get_template(template_name), self)
                    ^^^^^^^^^^^^^^^^^^^^^^^^^^^^^^^^^^^^^^^
  File "c:\Users\shpfs\Desktop\LoLEncourage関連\LoLEncourage\myvenv\Lib\site-packages\django\template\engine.py", line 175, in get_template
    template, origin = self.find_template(template_name)
                       ^^^^^^^^^^^^^^^^^^^^^^^^^^^^^^^^^
  File "c:\Users\shpfs\Desktop\LoLEncourage関連\LoLEncourage\myvenv\Lib\site-packages\django\template\engine.py", line 157, in find_template
    template = loader.get_template(name, skip=skip)
               ^^^^^^^^^^^^^^^^^^^^^^^^^^^^^^^^^^^^
  File "c:\Users\shpfs\Desktop\LoLEncourage関連\LoLEncourage\myvenv\Lib\site-packages\django\template\loaders\cached.py", line 57, in get_template
    template = super().get_template(template_name, skip)
               ^^^^^^^^^^^^^^^^^^^^^^^^^^^^^^^^^^^^^^^^^
  File "c:\Users\shpfs\Desktop\LoLEncourage関連\LoLEncourage\myvenv\Lib\site-packages\django\template\loaders\base.py", line 28, in get_template
    return Template(
           ^^^^^^^^^
  File "c:\Users\shpfs\Desktop\LoLEncourage関連\LoLEncourage\myvenv\Lib\site-packages\django\template\base.py", line 154, in __init__
    self.nodelist = self.compile_nodelist()
                    ^^^^^^^^^^^^^^^^^^^^^^^
  File "c:\Users\shpfs\Desktop\LoLEncourage関連\LoLEncourage\myvenv\Lib\site-packages\django\template\base.py", line 196, in compile_nodelist
    return parser.parse()
           ^^^^^^^^^^^^^^
  File "c:\Users\shpfs\Desktop\LoLEncourage関連\LoLEncourage\myvenv\Lib\site-packages\django\template\base.py", line 504, in parse
    self.invalid_block_tag(token, command, parse_until)
  File "c:\Users\shpfs\Desktop\LoLEncourage関連\LoLEncourage\myvenv\Lib\site-packages\django\template\base.py", line 565, in invalid_block_tag
    raise self.error(
django.template.exceptions.TemplateSyntaxError: Invalid block tag on line 16: 'data.image_path'. Did you forget to register or load this tag?
Watching for file changes with StatReloader
Starting new HTTPS connection (1): jp1.api.riotgames.com:443
https://jp1.api.riotgames.com:443 "GET /lol/summoner/v4/summoners/by-name/lul HTTP/1.1" 200 None
rate limit changed from 0/0s to 20/1s
rate limit changed from 0/0s to 100/120s
rate limit changed from 0/0s to 800/60s
Starting new HTTPS connection (1): asia.api.riotgames.com:443
https://asia.api.riotgames.com:443 "GET /lol/match/v5/matches/by-puuid/pBHVpmq0DLgVJiD_OnQrc1Odq8RIqV5rxlUM387uulnCFn4Dlf9P6oJON_6t0vJZ5xBPVpGiN9GS8g/ids HTTP/1.1" 200 None
rate limit changed from 0/0s to 20/1s
rate limit changed from 0/0s to 100/120s
rate limit changed from 0/0s to 2000/10s
https://asia.api.riotgames.com:443 "GET /lol/match/v5/matches/JP1_424417426 HTTP/1.1" 200 None
rate limit changed from 0/0s to 2000/10s
Watching for file changes with StatReloader
Starting new HTTPS connection (1): jp1.api.riotgames.com:443
https://jp1.api.riotgames.com:443 "GET /lol/summoner/v4/summoners/by-name/lul HTTP/1.1" 200 None
rate limit changed from 0/0s to 20/1s
rate limit changed from 0/0s to 100/120s
rate limit changed from 0/0s to 800/60s
Starting new HTTPS connection (1): asia.api.riotgames.com:443
https://asia.api.riotgames.com:443 "GET /lol/match/v5/matches/by-puuid/pBHVpmq0DLgVJiD_OnQrc1Odq8RIqV5rxlUM387uulnCFn4Dlf9P6oJON_6t0vJZ5xBPVpGiN9GS8g/ids HTTP/1.1" 200 None
rate limit changed from 0/0s to 20/1s
rate limit changed from 0/0s to 100/120s
rate limit changed from 0/0s to 2000/10s
https://asia.api.riotgames.com:443 "GET /lol/match/v5/matches/JP1_424417426 HTTP/1.1" 200 None
rate limit changed from 0/0s to 2000/10s
Watching for file changes with StatReloader
Starting new HTTPS connection (1): jp1.api.riotgames.com:443
https://jp1.api.riotgames.com:443 "GET /lol/summoner/v4/summoners/by-name/lul HTTP/1.1" 200 None
rate limit changed from 0/0s to 20/1s
rate limit changed from 0/0s to 100/120s
rate limit changed from 0/0s to 800/60s
Starting new HTTPS connection (1): asia.api.riotgames.com:443
https://asia.api.riotgames.com:443 "GET /lol/match/v5/matches/by-puuid/pBHVpmq0DLgVJiD_OnQrc1Odq8RIqV5rxlUM387uulnCFn4Dlf9P6oJON_6t0vJZ5xBPVpGiN9GS8g/ids HTTP/1.1" 200 None
rate limit changed from 0/0s to 20/1s
rate limit changed from 0/0s to 100/120s
rate limit changed from 0/0s to 2000/10s
https://asia.api.riotgames.com:443 "GET /lol/match/v5/matches/JP1_424417426 HTTP/1.1" 200 None
rate limit changed from 0/0s to 2000/10s
C:\Users\shpfs\Desktop\LoLEncourage関連\LoLEncourage\LoLEncourage\views.py changed, reloading.
Watching for file changes with StatReloader
C:\Users\shpfs\Desktop\LoLEncourage関連\LoLEncourage\LoLEncourage\views.py changed, reloading.
Watching for file changes with StatReloader
C:\Users\shpfs\Desktop\LoLEncourage関連\LoLEncourage\LoLEncourage\views.py changed, reloading.
Watching for file changes with StatReloader
C:\Users\shpfs\Desktop\LoLEncourage関連\LoLEncourage\LoLEncourage\views.py changed, reloading.
Watching for file changes with StatReloader
Starting new HTTPS connection (1): jp1.api.riotgames.com:443
https://jp1.api.riotgames.com:443 "GET /lol/summoner/v4/summoners/by-name/aaa HTTP/1.1" 200 None
rate limit changed from 0/0s to 20/1s
rate limit changed from 0/0s to 100/120s
rate limit changed from 0/0s to 800/60s
Starting new HTTPS connection (1): asia.api.riotgames.com:443
https://asia.api.riotgames.com:443 "GET /lol/match/v5/matches/by-puuid/fYsMLVT6MB3N2Py4mHdycLHBCTpPSWYUcypGtpnpPnt5R2e__I66WzXjMH052cFL2FXqy_Rtdg-7pw/ids HTTP/1.1" 200 None
rate limit changed from 0/0s to 20/1s
rate limit changed from 0/0s to 100/120s
rate limit changed from 0/0s to 2000/10s
https://asia.api.riotgames.com:443 "GET /lol/match/v5/matches/JP1_424524036 HTTP/1.1" 200 None
rate limit changed from 0/0s to 2000/10s
Not Found: /LoLEncourage/images/champion/Aatrox.jpg
C:\Users\shpfs\Desktop\LoLEncourage関連\LoLEncourage\LoLEncourage\views.py changed, reloading.
Watching for file changes with StatReloader
Watching for file changes with StatReloader
Starting new HTTPS connection (1): jp1.api.riotgames.com:443
https://jp1.api.riotgames.com:443 "GET /lol/summoner/v4/summoners/by-name/lul HTTP/1.1" 200 None
rate limit changed from 0/0s to 20/1s
rate limit changed from 0/0s to 100/120s
rate limit changed from 0/0s to 800/60s
Starting new HTTPS connection (1): asia.api.riotgames.com:443
https://asia.api.riotgames.com:443 "GET /lol/match/v5/matches/by-puuid/pBHVpmq0DLgVJiD_OnQrc1Odq8RIqV5rxlUM387uulnCFn4Dlf9P6oJON_6t0vJZ5xBPVpGiN9GS8g/ids HTTP/1.1" 200 None
rate limit changed from 0/0s to 20/1s
rate limit changed from 0/0s to 100/120s
rate limit changed from 0/0s to 2000/10s
https://asia.api.riotgames.com:443 "GET /lol/match/v5/matches/JP1_424417426 HTTP/1.1" 200 None
rate limit changed from 0/0s to 2000/10s
C:\Users\shpfs\Desktop\LoLEncourage関連\LoLEncourage\LoLEncourage\views.py changed, reloading.
Watching for file changes with StatReloader
Starting new HTTPS connection (1): jp1.api.riotgames.com:443
https://jp1.api.riotgames.com:443 "GET /lol/summoner/v4/summoners/by-name/lul HTTP/1.1" 200 None
rate limit changed from 0/0s to 20/1s
rate limit changed from 0/0s to 100/120s
rate limit changed from 0/0s to 800/60s
Starting new HTTPS connection (1): asia.api.riotgames.com:443
https://asia.api.riotgames.com:443 "GET /lol/match/v5/matches/by-puuid/pBHVpmq0DLgVJiD_OnQrc1Odq8RIqV5rxlUM387uulnCFn4Dlf9P6oJON_6t0vJZ5xBPVpGiN9GS8g/ids HTTP/1.1" 200 None
rate limit changed from 0/0s to 20/1s
rate limit changed from 0/0s to 100/120s
rate limit changed from 0/0s to 2000/10s
https://asia.api.riotgames.com:443 "GET /lol/match/v5/matches/JP1_424417426 HTTP/1.1" 200 None
rate limit changed from 0/0s to 2000/10s
C:\Users\shpfs\Desktop\LoLEncourage関連\LoLEncourage\LoLEncourage\LoLEncourage.py changed, reloading.
Watching for file changes with StatReloader
Starting new HTTPS connection (1): jp1.api.riotgames.com:443
https://jp1.api.riotgames.com:443 "GET /lol/summoner/v4/summoners/by-name/aaa HTTP/1.1" 200 None
rate limit changed from 0/0s to 20/1s
rate limit changed from 0/0s to 100/120s
rate limit changed from 0/0s to 800/60s
Starting new HTTPS connection (1): asia.api.riotgames.com:443
https://asia.api.riotgames.com:443 "GET /lol/match/v5/matches/by-puuid/fYsMLVT6MB3N2Py4mHdycLHBCTpPSWYUcypGtpnpPnt5R2e__I66WzXjMH052cFL2FXqy_Rtdg-7pw/ids HTTP/1.1" 200 None
rate limit changed from 0/0s to 20/1s
rate limit changed from 0/0s to 100/120s
rate limit changed from 0/0s to 2000/10s
https://asia.api.riotgames.com:443 "GET /lol/match/v5/matches/JP1_424524036 HTTP/1.1" 200 None
rate limit changed from 0/0s to 2000/10s
Not Found: /staticLoLEncourageimageshampionraven.jpg
C:\Users\shpfs\Desktop\LoLEncourage関連\LoLEncourage\LoLEncourage\LoLEncourage.py changed, reloading.
Watching for file changes with StatReloader
Watching for file changes with StatReloader
Starting new HTTPS connection (1): jp1.api.riotgames.com:443
https://jp1.api.riotgames.com:443 "GET /lol/summoner/v4/summoners/by-name/lul HTTP/1.1" 200 None
rate limit changed from 0/0s to 20/1s
rate limit changed from 0/0s to 100/120s
rate limit changed from 0/0s to 800/60s
Starting new HTTPS connection (1): asia.api.riotgames.com:443
https://asia.api.riotgames.com:443 "GET /lol/match/v5/matches/by-puuid/pBHVpmq0DLgVJiD_OnQrc1Odq8RIqV5rxlUM387uulnCFn4Dlf9P6oJON_6t0vJZ5xBPVpGiN9GS8g/ids HTTP/1.1" 200 None
rate limit changed from 0/0s to 20/1s
rate limit changed from 0/0s to 100/120s
rate limit changed from 0/0s to 2000/10s
https://asia.api.riotgames.com:443 "GET /lol/match/v5/matches/JP1_424417426 HTTP/1.1" 200 None
rate limit changed from 0/0s to 2000/10s
C:\Users\shpfs\Desktop\LoLEncourage関連\LoLEncourage\LoLEncourage\views.py changed, reloading.
Watching for file changes with StatReloader
Starting new HTTPS connection (1): jp1.api.riotgames.com:443
https://jp1.api.riotgames.com:443 "GET /lol/summoner/v4/summoners/by-name/lul HTTP/1.1" 200 None
rate limit changed from 0/0s to 20/1s
rate limit changed from 0/0s to 100/120s
rate limit changed from 0/0s to 800/60s
Starting new HTTPS connection (1): asia.api.riotgames.com:443
https://asia.api.riotgames.com:443 "GET /lol/match/v5/matches/by-puuid/pBHVpmq0DLgVJiD_OnQrc1Odq8RIqV5rxlUM387uulnCFn4Dlf9P6oJON_6t0vJZ5xBPVpGiN9GS8g/ids HTTP/1.1" 200 None
rate limit changed from 0/0s to 20/1s
rate limit changed from 0/0s to 100/120s
rate limit changed from 0/0s to 2000/10s
https://asia.api.riotgames.com:443 "GET /lol/match/v5/matches/JP1_424417426 HTTP/1.1" 200 None
rate limit changed from 0/0s to 2000/10s
C:\Users\shpfs\Desktop\LoLEncourage関連\LoLEncourage\LoLEncourage\settings.py changed, reloading.
Watching for file changes with StatReloader
C:\Users\shpfs\Desktop\LoLEncourage関連\LoLEncourage\LoLEncourage\LoLEncourage.py changed, reloading.
Watching for file changes with StatReloader
C:\Users\shpfs\Desktop\LoLEncourage関連\LoLEncourage\LoLEncourage\LoLEncourage.py changed, reloading.
Watching for file changes with StatReloader
C:\Users\shpfs\Desktop\LoLEncourage関連\LoLEncourage\LoLEncourage\LoLEncourage.py changed, reloading.
Watching for file changes with StatReloader
Watching for file changes with StatReloader
Starting new HTTPS connection (1): jp1.api.riotgames.com:443
https://jp1.api.riotgames.com:443 "GET /lol/summoner/v4/summoners/by-name/LUL HTTP/1.1" 200 None
rate limit changed from 0/0s to 20/1s
rate limit changed from 0/0s to 100/120s
rate limit changed from 0/0s to 800/60s
Starting new HTTPS connection (1): asia.api.riotgames.com:443
https://asia.api.riotgames.com:443 "GET /lol/match/v5/matches/by-puuid/pBHVpmq0DLgVJiD_OnQrc1Odq8RIqV5rxlUM387uulnCFn4Dlf9P6oJON_6t0vJZ5xBPVpGiN9GS8g/ids HTTP/1.1" 200 None
rate limit changed from 0/0s to 20/1s
rate limit changed from 0/0s to 100/120s
rate limit changed from 0/0s to 2000/10s
https://asia.api.riotgames.com:443 "GET /lol/match/v5/matches/JP1_424417426 HTTP/1.1" 200 None
rate limit changed from 0/0s to 2000/10s
Internal Server Error: /
Traceback (most recent call last):
  File "c:\Users\shpfs\Desktop\LoLEncourage関連\LoLEncourage\myvenv\Lib\site-packages\django\core\handlers\exception.py", line 55, in inner
    response = get_response(request)
               ^^^^^^^^^^^^^^^^^^^^^
  File "c:\Users\shpfs\Desktop\LoLEncourage関連\LoLEncourage\myvenv\Lib\site-packages\django\core\handlers\base.py", line 197, in _get_response
    response = wrapped_callback(request, *callback_args, **callback_kwargs)
               ^^^^^^^^^^^^^^^^^^^^^^^^^^^^^^^^^^^^^^^^^^^^^^^^^^^^^^^^^^^^
  File "c:\Users\shpfs\Desktop\LoLEncourage関連\LoLEncourage\myvenv\Lib\site-packages\django\utils\decorators.py", line 188, in _view_wrapper
    result = _process_exception(request, e)
             ^^^^^^^^^^^^^^^^^^^^^^^^^^^^^^
  File "c:\Users\shpfs\Desktop\LoLEncourage関連\LoLEncourage\myvenv\Lib\site-packages\django\utils\decorators.py", line 186, in _view_wrapper
    response = view_func(request, *args, **kwargs)
               ^^^^^^^^^^^^^^^^^^^^^^^^^^^^^^^^^^^
  File "C:\Users\shpfs\Desktop\LoLEncourage関連\LoLEncourage\LoLEncourage\views.py", line 30, in view_home
    return render(request, "result copy.html", {"data": result_dict})
           ^^^^^^^^^^^^^^^^^^^^^^^^^^^^^^^^^^^^^^^^^^^^^^^^^^^^^^^^^^
  File "c:\Users\shpfs\Desktop\LoLEncourage関連\LoLEncourage\myvenv\Lib\site-packages\django\shortcuts.py", line 24, in render
    content = loader.render_to_string(template_name, context, request, using=using)
              ^^^^^^^^^^^^^^^^^^^^^^^^^^^^^^^^^^^^^^^^^^^^^^^^^^^^^^^^^^^^^^^^^^^^^
  File "c:\Users\shpfs\Desktop\LoLEncourage関連\LoLEncourage\myvenv\Lib\site-packages\django\template\loader.py", line 61, in render_to_string
    template = get_template(template_name, using=using)
               ^^^^^^^^^^^^^^^^^^^^^^^^^^^^^^^^^^^^^^^^
  File "c:\Users\shpfs\Desktop\LoLEncourage関連\LoLEncourage\myvenv\Lib\site-packages\django\template\loader.py", line 19, in get_template
    raise TemplateDoesNotExist(template_name, chain=chain)
django.template.exceptions.TemplateDoesNotExist: result copy.html
C:\Users\shpfs\Desktop\LoLEncourage関連\LoLEncourage\LoLEncourage\views.py changed, reloading.
Watching for file changes with StatReloader
Watching for file changes with StatReloader
Starting new HTTPS connection (1): jp1.api.riotgames.com:443
https://jp1.api.riotgames.com:443 "GET /lol/summoner/v4/summoners/by-name/lul HTTP/1.1" 200 None
rate limit changed from 0/0s to 20/1s
rate limit changed from 0/0s to 100/120s
rate limit changed from 0/0s to 800/60s
Starting new HTTPS connection (1): asia.api.riotgames.com:443
https://asia.api.riotgames.com:443 "GET /lol/match/v5/matches/by-puuid/pBHVpmq0DLgVJiD_OnQrc1Odq8RIqV5rxlUM387uulnCFn4Dlf9P6oJON_6t0vJZ5xBPVpGiN9GS8g/ids HTTP/1.1" 200 None
rate limit changed from 0/0s to 20/1s
rate limit changed from 0/0s to 100/120s
rate limit changed from 0/0s to 2000/10s
https://asia.api.riotgames.com:443 "GET /lol/match/v5/matches/JP1_424417426 HTTP/1.1" 200 None
rate limit changed from 0/0s to 2000/10s
Starting new HTTPS connection (1): asia.api.riotgames.com:443
https://asia.api.riotgames.com:443 "GET /riot/account/v1/accounts/by-riot-id/lul/jp1?api_key=RGAPI-ec3f6a95-51f1-4503-81f0-5e0f09450f77 HTTP/1.1" 200 None
https://asia.api.riotgames.com:443 "GET /lol/match/v5/matches/by-puuid/pBHVpmq0DLgVJiD_OnQrc1Odq8RIqV5rxlUM387uulnCFn4Dlf9P6oJON_6t0vJZ5xBPVpGiN9GS8g/ids HTTP/1.1" 200 None
https://asia.api.riotgames.com:443 "GET /lol/match/v5/matches/JP1_424417426 HTTP/1.1" 200 None
Starting new HTTPS connection (1): asia.api.riotgames.com:443
https://asia.api.riotgames.com:443 "GET /riot/account/v1/accounts/by-riot-id/lul/jp2?api_key=RGAPI-ec3f6a95-51f1-4503-81f0-5e0f09450f77 HTTP/1.1" 404 None
https://jp1.api.riotgames.com:443 "GET /lol/summoner/v4/summoners/by-name/jasper HTTP/1.1" 200 None
https://asia.api.riotgames.com:443 "GET /lol/match/v5/matches/by-puuid/IHfwVmxAUQEr6CSmkR0E-3cAOx-cgvTzUQUtTZvmO63lGr_vm9OgEkUKHLrOKrPqTEepPLJMNcReGQ/ids HTTP/1.1" 200 None
https://asia.api.riotgames.com:443 "GET /lol/match/v5/matches/JP1_363570730 HTTP/1.1" 200 None
Starting new HTTPS connection (1): asia.api.riotgames.com:443
https://asia.api.riotgames.com:443 "GET /riot/account/v1/accounts/by-riot-id/jasper/7se?api_key=RGAPI-ec3f6a95-51f1-4503-81f0-5e0f09450f77 HTTP/1.1" 200 None
https://asia.api.riotgames.com:443 "GET /lol/match/v5/matches/by-puuid/HQhsU5yoMTGlsuXKRfdtFGaU791c5lIIzW0smnRBsyBRB1VkgzTDMe6dVkJf_2cO0ign-NtvgqI30A/ids HTTP/1.1" 200 None
https://asia.api.riotgames.com:443 "GET /lol/match/v5/matches/JP1_423843191 HTTP/1.1" 200 None
https://jp1.api.riotgames.com:443 "GET /lol/summoner/v4/summoners/by-name/%E3%81%86%E3%81%9F%E3%81%84%E3%82%81%E3%81%84%E3%81%8B HTTP/1.1" 200 None
https://asia.api.riotgames.com:443 "GET /lol/match/v5/matches/by-puuid/RBNF-BAZ3WjdbDjNAMvG1pqBFtkuhdPauGTCuQvlL_JsLX5mfLg4QS9KfGZN16gJOq0ySI4jaMhmYA/ids HTTP/1.1" 200 None
https://asia.api.riotgames.com:443 "GET /lol/match/v5/matches/JP1_424430100 HTTP/1.1" 200 None
C:\Users\shpfs\Desktop\LoLEncourage関連\LoLEncourage\LoLEncourage\views.py changed, reloading.
Watching for file changes with StatReloader
